"abandoned" ;"duration" ;"re_evaluation" ;"kb_1" ;"kb_2" ;"kb_3" ;"kb_4" ;"kb_5" ;"kb_6" ;"kb_7" ;"kb_8" ;"kb_9" ;"kb_10" ;"ms_1" ;"ms_2" ;"ms_3" ;"ms_4" ;"ms_5" ;"ms_6" ;"ms_7" ;"ms_8" ;"ms_9" ;"ms_10" ;"sc_1" ;"sc_2" ;"sc_3" ;"sc_4" ;"sc_5" ;"sc_6" ;"sc_7" ;"sc_8" ;"sc_9" ;"sc_10" ;"kb_bin_1" ;"kb_bin_2" ;"kb_bin_3" ;"kb_bin_4" ;"kb_bin_5" ;"kb_bin_6" ;"kb_bin_7" ;"kb_bin_8" ;"kb_bin_9" ;"kb_bin_10" ;"ms_bin_1" ;"ms_bin_2" ;"ms_bin_3" ;"ms_bin_4" ;"ms_bin_5" ;"ms_bin_6" ;"ms_bin_7" ;"ms_bin_8" ;"ms_bin_9" ;"ms_bin_10" ;"sc_bin_1" ;"sc_bin_2" ;"sc_bin_3" ;"sc_bin_4" ;"sc_bin_5" ;"sc_bin_6" ;"sc_bin_7" ;"sc_bin_8" ;"sc_bin_9" ;"sc_bin_10" ;"page_ac" ;"tab_hd"
"1" ;0 ;46.4659998416901 ;"1" ;0 ;0.111111111111111 ;0.111111111111111 ;0.111111111111111 ;0.111111111111111 ;0 ;0.111111111111111 ;0.111111111111111 ;0.111111111111111 ;0.111111111111111 ;0 ;0.111111111111111 ;0.111111111111111 ;0.111111111111111 ;0.111111111111111 ;0 ;0.111111111111111 ;0.111111111111111 ;0.111111111111111 ;0.111111111111111 ;0 ;0.111111111111111 ;0.111111111111111 ;0.111111111111111 ;0.111111111111111 ;0 ;0.111111111111111 ;0.111111111111111 ;0.111111111111111 ;0.111111111111111 ;0 ;1 ;1 ;1 ;1 ;0 ;1 ;1 ;1 ;1 ;0 ;1 ;1 ;1 ;1 ;0 ;1 ;1 ;1 ;1 ;0 ;1 ;1 ;1 ;1 ;0 ;1 ;1 ;1 ;1 ;0 ;0
"2" ;0 ;74.8140001296997 ;"1" ;0 ;0 ;0 ;0 ;0.0666666666666667 ;0.0666666666666667 ;0.0666666666666667 ;0.133333333333333 ;0.0666666666666667 ;0.133333333333333 ;0.0666666666666667 ;0.0666666666666667 ;0.133333333333333 ;0.0666666666666667 ;0.133333333333333 ;0.0666666666666667 ;0.0666666666666667 ;0.0666666666666667 ;0.0666666666666667 ;0.133333333333333 ;0 ;0 ;0.0666666666666667 ;0.0666666666666667 ;0.133333333333333 ;0.0666666666666667 ;0.0666666666666667 ;0.0666666666666667 ;0.0666666666666667 ;0.133333333333333 ;0 ;0 ;0 ;0 ;1 ;1 ;1 ;1 ;1 ;1 ;1 ;1 ;1 ;1 ;1 ;1 ;1 ;1 ;1 ;1 ;0 ;0 ;1 ;1 ;1 ;1 ;1 ;1 ;1 ;1 ;0 ;0
"3" ;0 ;455.206000089645 ;"1" ;0 ;0.032967032967033 ;0.032967032967033 ;0.043956043956044 ;0.0549450549450549 ;0.032967032967033 ;0.032967032967033 ;0.021978021978022 ;0.0659340659340659 ;0.0769230769230769 ;0.0989010989010989 ;0.0989010989010989 ;0.0879120879120879 ;0.0879120879120879 ;0.0879120879120879 ;0.0549450549450549 ;0.0989010989010989 ;0.0659340659340659 ;0.0879120879120879 ;0.0989010989010989 ;0.021978021978022 ;0.0879120879120879 ;0.0879120879120879 ;0.0879120879120879 ;0.0659340659340659 ;0.043956043956044 ;0.0549450549450549 ;0.021978021978022 ;0.0659340659340659 ;0.0659340659340659 ;0 ;1 ;1 ;1 ;1 ;1 ;1 ;1 ;1 ;1 ;1 ;1 ;1 ;1 ;1 ;1 ;1 ;1 ;1 ;1 ;1 ;1 ;1 ;1 ;1 ;1 ;1 ;1 ;1 ;1 ;0 ;0
"4" ;0 ;84.0409998893738 ;"1" ;0 ;0.0588235294117647 ;0.0588235294117647 ;0.117647058823529 ;0.117647058823529 ;0.0588235294117647 ;0.117647058823529 ;0 ;0.0588235294117647 ;0.117647058823529 ;0.0588235294117647 ;0.117647058823529 ;0.0588235294117647 ;0.117647058823529 ;0.117647058823529 ;0.0588235294117647 ;0.117647058823529 ;0.0588235294117647 ;0.117647058823529 ;0.117647058823529 ;0.0588235294117647 ;0.0588235294117647 ;0.0588235294117647 ;0.117647058823529 ;0.117647058823529 ;0.0588235294117647 ;0.117647058823529 ;0.0588235294117647 ;0.117647058823529 ;0.0588235294117647 ;0 ;1 ;1 ;1 ;1 ;1 ;1 ;0 ;1 ;1 ;1 ;1 ;1 ;1 ;1 ;1 ;1 ;1 ;1 ;1 ;1 ;1 ;1 ;1 ;1 ;1 ;1 ;1 ;1 ;1 ;0 ;0
"5" ;0 ;348.944999933243 ;"1" ;0.0857142857142857 ;0.0714285714285714 ;0.0571428571428571 ;0.0714285714285714 ;0.0285714285714286 ;0.1 ;0.0714285714285714 ;0.0285714285714286 ;0.0857142857142857 ;0.0714285714285714 ;0.0142857142857143 ;0 ;0.1 ;0.0571428571428571 ;0.0571428571428571 ;0.0714285714285714 ;0.0714285714285714 ;0.0428571428571429 ;0.0857142857142857 ;0.0571428571428571 ;0.0285714285714286 ;0 ;0.0571428571428571 ;0.0857142857142857 ;0.0285714285714286 ;0.0285714285714286 ;0.0428571428571429 ;0.0285714285714286 ;0.0857142857142857 ;0.0571428571428571 ;1 ;1 ;1 ;1 ;1 ;1 ;1 ;1 ;1 ;1 ;1 ;0 ;1 ;1 ;1 ;1 ;1 ;1 ;1 ;1 ;1 ;0 ;1 ;1 ;1 ;1 ;1 ;1 ;1 ;1 ;0 ;0
"6" ;0 ;14.4660000801086 ;"0" ;0 ;0 ;0 ;0 ;0.333333333333333 ;0 ;0 ;0 ;0 ;0.333333333333333 ;0 ;0 ;0 ;0 ;0 ;0 ;0 ;0 ;0 ;0.333333333333333 ;0 ;0 ;0 ;0 ;0 ;0 ;0 ;0 ;0 ;0 ;0 ;0 ;0 ;0 ;1 ;0 ;0 ;0 ;0 ;1 ;0 ;0 ;0 ;0 ;0 ;0 ;0 ;0 ;0 ;1 ;0 ;0 ;0 ;0 ;0 ;0 ;0 ;0 ;0 ;0 ;0 ;0
"7" ;0 ;181.1859998703 ;"1" ;0.0555555555555556 ;0.0833333333333333 ;0.0833333333333333 ;0.0833333333333333 ;0.0555555555555556 ;0.0833333333333333 ;0.0833333333333333 ;0.0277777777777778 ;0 ;0.0833333333333333 ;0.0833333333333333 ;0.111111111111111 ;0.0833333333333333 ;0.111111111111111 ;0.0833333333333333 ;0.111111111111111 ;0.0833333333333333 ;0.0833333333333333 ;0.0833333333333333 ;0.111111111111111 ;0.0833333333333333 ;0.0833333333333333 ;0.0555555555555556 ;0.111111111111111 ;0.0555555555555556 ;0.111111111111111 ;0.0555555555555556 ;0.0833333333333333 ;0.0833333333333333 ;0.0833333333333333 ;1 ;1 ;1 ;1 ;1 ;1 ;1 ;1 ;0 ;1 ;1 ;1 ;1 ;1 ;1 ;1 ;1 ;1 ;1 ;1 ;1 ;1 ;1 ;1 ;1 ;1 ;1 ;1 ;1 ;1 ;0 ;0
"8" ;0 ;82.018000125885 ;"1" ;0.0588235294117647 ;0.0588235294117647 ;0.0588235294117647 ;0.117647058823529 ;0.0588235294117647 ;0.0588235294117647 ;0.0588235294117647 ;0.0588235294117647 ;0.0588235294117647 ;0.0588235294117647 ;0.0588235294117647 ;0.117647058823529 ;0 ;0.0588235294117647 ;0.117647058823529 ;0.0588235294117647 ;0.117647058823529 ;0.0588235294117647 ;0.0588235294117647 ;0.117647058823529 ;0.0588235294117647 ;0.117647058823529 ;0 ;0.0588235294117647 ;0.0588235294117647 ;0.0588235294117647 ;0.0588235294117647 ;0.0588235294117647 ;0.0588235294117647 ;0 ;1 ;1 ;1 ;1 ;1 ;1 ;1 ;1 ;1 ;1 ;1 ;1 ;0 ;1 ;1 ;1 ;1 ;1 ;1 ;1 ;1 ;1 ;0 ;1 ;1 ;1 ;1 ;1 ;1 ;0 ;0 ;0
"9" ;0 ;5.70500016212463 ;"0" ;0 ;0 ;0 ;0 ;0 ;0 ;0 ;0 ;0 ;0 ;0 ;0 ;0 ;0 ;0 ;0 ;0 ;0 ;0 ;0 ;0 ;0 ;0 ;0 ;0 ;0 ;0 ;0 ;0 ;0 ;0 ;0 ;0 ;0 ;0 ;0 ;0 ;0 ;0 ;0 ;0 ;0 ;0 ;0 ;0 ;0 ;0 ;0 ;0 ;0 ;0 ;0 ;0 ;0 ;0 ;0 ;0 ;0 ;0 ;0 ;0 ;0
"10" ;0 ;13.0529999732971 ;"0" ;0 ;0 ;0 ;0 ;0 ;0 ;0 ;0 ;0.5 ;0 ;0 ;0 ;0 ;0 ;0 ;0 ;0 ;0 ;0 ;0 ;0 ;0 ;0 ;0 ;0 ;0 ;0 ;0 ;0 ;0 ;0 ;0 ;0 ;0 ;0 ;0 ;0 ;0 ;1 ;0 ;0 ;0 ;0 ;0 ;0 ;0 ;0 ;0 ;0 ;0 ;0 ;0 ;0 ;0 ;0 ;0 ;0 ;0 ;0 ;0 ;0 ;0
"11" ;0 ;105.884999990463 ;"1" ;0 ;0 ;0 ;0 ;0.0476190476190476 ;0.0952380952380952 ;0.0952380952380952 ;0.0952380952380952 ;0.0952380952380952 ;0.0952380952380952 ;0 ;0 ;0 ;0 ;0.0476190476190476 ;0 ;0.0952380952380952 ;0.0476190476190476 ;0.0476190476190476 ;0.0476190476190476 ;0 ;0 ;0 ;0 ;0.0476190476190476 ;0 ;0 ;0.0476190476190476 ;0.0476190476190476 ;0.0476190476190476 ;0 ;0 ;0 ;0 ;1 ;1 ;1 ;1 ;1 ;1 ;0 ;0 ;0 ;0 ;1 ;0 ;1 ;1 ;1 ;1 ;0 ;0 ;0 ;0 ;1 ;0 ;0 ;1 ;1 ;1 ;0 ;0
"12" ;0 ;179.539000034332 ;"1" ;0 ;0 ;0 ;0 ;0 ;0 ;0 ;0 ;0.0540540540540541 ;0.108108108108108 ;0.0810810810810811 ;0.0540540540540541 ;0.0540540540540541 ;0 ;0 ;0.0540540540540541 ;0.027027027027027 ;0.0810810810810811 ;0.0810810810810811 ;0.108108108108108 ;0.0540540540540541 ;0.0540540540540541 ;0.027027027027027 ;0 ;0 ;0.027027027027027 ;0.0810810810810811 ;0.027027027027027 ;0.027027027027027 ;0.027027027027027 ;0 ;0 ;0 ;0 ;0 ;0 ;0 ;0 ;1 ;1 ;1 ;1 ;1 ;0 ;0 ;1 ;1 ;1 ;1 ;1 ;1 ;1 ;1 ;0 ;0 ;1 ;1 ;1 ;1 ;1 ;0 ;0
"13" ;1 ;117.976999998093 ;"-10" ;0 ;0 ;0.0869565217391304 ;0.0434782608695652 ;0.0869565217391304 ;0.0434782608695652 ;0 ;0.0434782608695652 ;0 ;0.0434782608695652 ;0 ;0 ;0.0869565217391304 ;0.0869565217391304 ;0.0434782608695652 ;0.0434782608695652 ;0.0869565217391304 ;0.0434782608695652 ;0 ;0.0869565217391304 ;0.0869565217391304 ;0.0869565217391304 ;0.0869565217391304 ;0.0434782608695652 ;0.0869565217391304 ;0.0434782608695652 ;0.0434782608695652 ;0.0869565217391304 ;0.0869565217391304 ;0.0869565217391304 ;0 ;0 ;1 ;1 ;1 ;1 ;0 ;1 ;0 ;1 ;0 ;0 ;1 ;1 ;1 ;1 ;1 ;1 ;0 ;1 ;1 ;1 ;1 ;1 ;1 ;1 ;1 ;1 ;1 ;1 ;0 ;0
"14" ;0 ;281.40499997139 ;"1" ;0 ;0 ;0.0517241379310345 ;0 ;0.0689655172413793 ;0.0517241379310345 ;0.0517241379310345 ;0.0344827586206897 ;0.0344827586206897 ;0.0517241379310345 ;0.0689655172413793 ;0.0862068965517241 ;0.103448275862069 ;0.0862068965517241 ;0.0862068965517241 ;0.0862068965517241 ;0.0689655172413793 ;0.0862068965517241 ;0.103448275862069 ;0.0862068965517241 ;0.0517241379310345 ;0.0862068965517241 ;0.0689655172413793 ;0.0862068965517241 ;0.0517241379310345 ;0.0862068965517241 ;0.0517241379310345 ;0.0862068965517241 ;0.103448275862069 ;0.0517241379310345 ;0 ;0 ;1 ;0 ;1 ;1 ;1 ;1 ;1 ;1 ;1 ;1 ;1 ;1 ;1 ;1 ;1 ;1 ;1 ;1 ;1 ;1 ;1 ;1 ;1 ;1 ;1 ;1 ;1 ;1 ;0 ;0
"15" ;0 ;43.914999961853 ;"1" ;0 ;0 ;0 ;0.111111111111111 ;0 ;0 ;0.111111111111111 ;0.111111111111111 ;0.111111111111111 ;0.111111111111111 ;0 ;0 ;0.111111111111111 ;0.111111111111111 ;0.111111111111111 ;0 ;0.111111111111111 ;0.111111111111111 ;0.111111111111111 ;0.111111111111111 ;0 ;0 ;0.111111111111111 ;0.111111111111111 ;0.111111111111111 ;0 ;0.111111111111111 ;0.111111111111111 ;0.111111111111111 ;0 ;0 ;0 ;0 ;1 ;0 ;0 ;1 ;1 ;1 ;1 ;0 ;0 ;1 ;1 ;1 ;0 ;1 ;1 ;1 ;1 ;0 ;0 ;1 ;1 ;1 ;0 ;1 ;1 ;1 ;0 ;0 ;0
"16" ;0 ;17.0120000839233 ;"0" ;0 ;0 ;0 ;0 ;0.333333333333333 ;0 ;0 ;0 ;0 ;0.333333333333333 ;0 ;0 ;0 ;0 ;0.333333333333333 ;0 ;0 ;0 ;0 ;0 ;0 ;0 ;0 ;0 ;0 ;0 ;0 ;0 ;0 ;0 ;0 ;0 ;0 ;0 ;1 ;0 ;0 ;0 ;0 ;1 ;0 ;0 ;0 ;0 ;1 ;0 ;0 ;0 ;0 ;0 ;0 ;0 ;0 ;0 ;0 ;0 ;0 ;0 ;0 ;0 ;0 ;0
"17" ;0 ;133.84099984169 ;"1" ;0 ;0.037037037037037 ;0.037037037037037 ;0.0740740740740741 ;0.111111111111111 ;0.0740740740740741 ;0.111111111111111 ;0.0740740740740741 ;0 ;0.037037037037037 ;0 ;0.111111111111111 ;0.037037037037037 ;0.037037037037037 ;0.037037037037037 ;0.037037037037037 ;0.0740740740740741 ;0.037037037037037 ;0.0740740740740741 ;0.111111111111111 ;0 ;0.0740740740740741 ;0.037037037037037 ;0.0740740740740741 ;0.037037037037037 ;0.037037037037037 ;0.0740740740740741 ;0.037037037037037 ;0.0740740740740741 ;0.0740740740740741 ;0 ;1 ;1 ;1 ;1 ;1 ;1 ;1 ;0 ;1 ;0 ;1 ;1 ;1 ;1 ;1 ;1 ;1 ;1 ;1 ;0 ;1 ;1 ;1 ;1 ;1 ;1 ;1 ;1 ;1 ;0 ;0
"18" ;0 ;92.2249999046326 ;"1" ;0 ;0.111111111111111 ;0.111111111111111 ;0 ;0.111111111111111 ;0.0555555555555556 ;0.111111111111111 ;0.0555555555555556 ;0.111111111111111 ;0.111111111111111 ;0.0555555555555556 ;0.0555555555555556 ;0.111111111111111 ;0.0555555555555556 ;0.0555555555555556 ;0.111111111111111 ;0.111111111111111 ;0.0555555555555556 ;0.111111111111111 ;0.111111111111111 ;0.0555555555555556 ;0.0555555555555556 ;0.111111111111111 ;0.0555555555555556 ;0.0555555555555556 ;0.111111111111111 ;0.111111111111111 ;0.0555555555555556 ;0.111111111111111 ;0 ;0 ;1 ;1 ;0 ;1 ;1 ;1 ;1 ;1 ;1 ;1 ;1 ;1 ;1 ;1 ;1 ;1 ;1 ;1 ;1 ;1 ;1 ;1 ;1 ;1 ;1 ;1 ;1 ;1 ;0 ;0 ;0
"19" ;0 ;60.0820000171661 ;"1" ;0.0769230769230769 ;0.0769230769230769 ;0.0769230769230769 ;0.0769230769230769 ;0.153846153846154 ;0.0769230769230769 ;0 ;0 ;0.0769230769230769 ;0.153846153846154 ;0.0769230769230769 ;0.0769230769230769 ;0.0769230769230769 ;0.0769230769230769 ;0.153846153846154 ;0.0769230769230769 ;0.0769230769230769 ;0.0769230769230769 ;0.0769230769230769 ;0.153846153846154 ;0.0769230769230769 ;0.0769230769230769 ;0.0769230769230769 ;0 ;0.153846153846154 ;0.0769230769230769 ;0.0769230769230769 ;0.0769230769230769 ;0.0769230769230769 ;0.0769230769230769 ;1 ;1 ;1 ;1 ;1 ;1 ;0 ;0 ;1 ;1 ;1 ;1 ;1 ;1 ;1 ;1 ;1 ;1 ;1 ;1 ;1 ;1 ;1 ;0 ;1 ;1 ;1 ;1 ;1 ;1 ;0 ;0
"20" ;0 ;71.9749999046326 ;"1" ;0 ;0.0714285714285714 ;0.0714285714285714 ;0.142857142857143 ;0.0714285714285714 ;0 ;0.142857142857143 ;0 ;0.0714285714285714 ;0.142857142857143 ;0.0714285714285714 ;0.0714285714285714 ;0.0714285714285714 ;0.142857142857143 ;0.0714285714285714 ;0.0714285714285714 ;0.142857142857143 ;0.0714285714285714 ;0.0714285714285714 ;0.0714285714285714 ;0.0714285714285714 ;0.0714285714285714 ;0.0714285714285714 ;0.0714285714285714 ;0.0714285714285714 ;0.0714285714285714 ;0.142857142857143 ;0.0714285714285714 ;0.0714285714285714 ;0.0714285714285714 ;0 ;1 ;1 ;1 ;1 ;0 ;1 ;0 ;1 ;1 ;1 ;1 ;1 ;1 ;1 ;1 ;1 ;1 ;1 ;1 ;1 ;1 ;1 ;1 ;1 ;1 ;1 ;1 ;1 ;1 ;0 ;0
"21" ;0 ;91.4879999160767 ;"1" ;0.05 ;0.05 ;0 ;0.1 ;0.1 ;0.1 ;0.05 ;0.05 ;0.05 ;0.05 ;0.05 ;0.1 ;0.1 ;0.05 ;0.1 ;0.1 ;0.1 ;0.1 ;0.1 ;0.1 ;0.05 ;0.1 ;0.1 ;0.05 ;0.1 ;0.1 ;0.1 ;0.05 ;0.1 ;0.05 ;1 ;1 ;0 ;1 ;1 ;1 ;1 ;1 ;1 ;1 ;1 ;1 ;1 ;1 ;1 ;1 ;1 ;1 ;1 ;1 ;1 ;1 ;1 ;1 ;1 ;1 ;1 ;1 ;1 ;1 ;0 ;0
"22" ;0 ;87.2929999828339 ;"1" ;0 ;0.117647058823529 ;0 ;0.117647058823529 ;0.0588235294117647 ;0 ;0.0588235294117647 ;0 ;0.117647058823529 ;0 ;0.0588235294117647 ;0.117647058823529 ;0.0588235294117647 ;0.117647058823529 ;0.117647058823529 ;0.0588235294117647 ;0.0588235294117647 ;0.0588235294117647 ;0.117647058823529 ;0.117647058823529 ;0.0588235294117647 ;0.0588235294117647 ;0.0588235294117647 ;0.117647058823529 ;0.117647058823529 ;0.0588235294117647 ;0.0588235294117647 ;0 ;0.0588235294117647 ;0.117647058823529 ;0 ;1 ;0 ;1 ;1 ;0 ;1 ;0 ;1 ;0 ;1 ;1 ;1 ;1 ;1 ;1 ;1 ;1 ;1 ;1 ;1 ;1 ;1 ;1 ;1 ;1 ;1 ;0 ;1 ;1 ;0 ;0
"23" ;0 ;53.882000207901 ;"1" ;0 ;0 ;0 ;0.0909090909090909 ;0.0909090909090909 ;0.0909090909090909 ;0.0909090909090909 ;0.0909090909090909 ;0.0909090909090909 ;0.0909090909090909 ;0.0909090909090909 ;0.0909090909090909 ;0.0909090909090909 ;0.0909090909090909 ;0.0909090909090909 ;0 ;0 ;0 ;0 ;0 ;0.0909090909090909 ;0.0909090909090909 ;0 ;0 ;0 ;0 ;0 ;0 ;0.0909090909090909 ;0.0909090909090909 ;0 ;0 ;0 ;1 ;1 ;1 ;1 ;1 ;1 ;1 ;1 ;1 ;1 ;1 ;1 ;0 ;0 ;0 ;0 ;0 ;1 ;1 ;0 ;0 ;0 ;0 ;0 ;0 ;1 ;1 ;0 ;0
"24" ;0 ;221.983999967575 ;"1" ;0 ;0 ;0 ;0.0444444444444444 ;0.0222222222222222 ;0.0444444444444444 ;0.0666666666666667 ;0.0444444444444444 ;0.0444444444444444 ;0.0666666666666667 ;0.0888888888888889 ;0.0888888888888889 ;0.0222222222222222 ;0.0222222222222222 ;0.0444444444444444 ;0.0444444444444444 ;0.0888888888888889 ;0.0888888888888889 ;0.0888888888888889 ;0.111111111111111 ;0.0666666666666667 ;0.0888888888888889 ;0 ;0.0222222222222222 ;0 ;0.0222222222222222 ;0.0666666666666667 ;0.0666666666666667 ;0.0666666666666667 ;0.111111111111111 ;0 ;0 ;0 ;1 ;1 ;1 ;1 ;1 ;1 ;1 ;1 ;1 ;1 ;1 ;1 ;1 ;1 ;1 ;1 ;1 ;1 ;1 ;0 ;1 ;0 ;1 ;1 ;1 ;1 ;1 ;0 ;0
"25" ;1 ;28.2239999771118 ;"-10" ;0 ;0 ;0 ;0 ;0 ;0 ;0 ;0 ;0 ;0 ;0 ;0.2 ;0 ;0 ;0.2 ;0 ;0 ;0 ;0 ;0 ;0 ;0.2 ;0 ;0 ;0.2 ;0 ;0 ;0 ;0 ;0 ;0 ;0 ;0 ;0 ;0 ;0 ;0 ;0 ;0 ;0 ;0 ;1 ;0 ;0 ;1 ;0 ;0 ;0 ;0 ;0 ;0 ;1 ;0 ;0 ;1 ;0 ;0 ;0 ;0 ;0 ;0 ;0
"26" ;0 ;27.422000169754 ;"0" ;0 ;0 ;0 ;0.166666666666667 ;0 ;0.166666666666667 ;0 ;0.166666666666667 ;0 ;0.166666666666667 ;0 ;0.166666666666667 ;0 ;0.166666666666667 ;0 ;0 ;0 ;0 ;0 ;0.166666666666667 ;0 ;0.166666666666667 ;0 ;0.166666666666667 ;0 ;0 ;0 ;0 ;0 ;0 ;0 ;0 ;0 ;1 ;0 ;1 ;0 ;1 ;0 ;1 ;0 ;1 ;0 ;1 ;0 ;0 ;0 ;0 ;0 ;1 ;0 ;1 ;0 ;1 ;0 ;0 ;0 ;0 ;0 ;0 ;0 ;0
"27" ;0 ;127.442999839783 ;"1" ;0 ;0 ;0 ;0.04 ;0.04 ;0 ;0.08 ;0.12 ;0.08 ;0.04 ;0.08 ;0.08 ;0.12 ;0.08 ;0.12 ;0.08 ;0.08 ;0.12 ;0.08 ;0.12 ;0 ;0.08 ;0.08 ;0.08 ;0.04 ;0.08 ;0.04 ;0.12 ;0.04 ;0.08 ;0 ;0 ;0 ;1 ;1 ;0 ;1 ;1 ;1 ;1 ;1 ;1 ;1 ;1 ;1 ;1 ;1 ;1 ;1 ;1 ;0 ;1 ;1 ;1 ;1 ;1 ;1 ;1 ;1 ;1 ;0 ;0
"28" ;0 ;154.708999872208 ;"1" ;0.032258064516129 ;0 ;0.0645161290322581 ;0.0967741935483871 ;0.032258064516129 ;0.0645161290322581 ;0.0967741935483871 ;0.0967741935483871 ;0.0645161290322581 ;0.032258064516129 ;0.0967741935483871 ;0.0967741935483871 ;0.0967741935483871 ;0.0967741935483871 ;0.0967741935483871 ;0.0967741935483871 ;0.0967741935483871 ;0.0967741935483871 ;0.0967741935483871 ;0.0645161290322581 ;0.0967741935483871 ;0.0967741935483871 ;0.0967741935483871 ;0.0967741935483871 ;0.0967741935483871 ;0.0967741935483871 ;0.0967741935483871 ;0.0967741935483871 ;0.0967741935483871 ;0.0645161290322581 ;1 ;0 ;1 ;1 ;1 ;1 ;1 ;1 ;1 ;1 ;1 ;1 ;1 ;1 ;1 ;1 ;1 ;1 ;1 ;1 ;1 ;1 ;1 ;1 ;1 ;1 ;1 ;1 ;1 ;1 ;0 ;0
"29" ;0 ;36.6050000190735 ;"1" ;0 ;0 ;0 ;0.142857142857143 ;0.142857142857143 ;0 ;0.142857142857143 ;0 ;0.142857142857143 ;0.142857142857143 ;0 ;0.142857142857143 ;0 ;0.142857142857143 ;0 ;0 ;0 ;0 ;0 ;0.142857142857143 ;0 ;0.142857142857143 ;0 ;0.142857142857143 ;0 ;0 ;0 ;0 ;0 ;0.142857142857143 ;0 ;0 ;0 ;1 ;1 ;0 ;1 ;0 ;1 ;1 ;0 ;1 ;0 ;1 ;0 ;0 ;0 ;0 ;0 ;1 ;0 ;1 ;0 ;1 ;0 ;0 ;0 ;0 ;0 ;1 ;0 ;0
"30" ;0 ;113.158999919891 ;"1" ;0 ;0 ;0.0869565217391304 ;0.0434782608695652 ;0.0434782608695652 ;0.0869565217391304 ;0.0869565217391304 ;0 ;0.0434782608695652 ;0.0869565217391304 ;0.0869565217391304 ;0.0869565217391304 ;0 ;0.0869565217391304 ;0.0869565217391304 ;0.0869565217391304 ;0.0434782608695652 ;0.0869565217391304 ;0.0869565217391304 ;0.130434782608696 ;0.0434782608695652 ;0 ;0 ;0.0434782608695652 ;0.0434782608695652 ;0.0434782608695652 ;0 ;0.0869565217391304 ;0.0434782608695652 ;0.0869565217391304 ;0 ;0 ;1 ;1 ;1 ;1 ;1 ;0 ;1 ;1 ;1 ;1 ;0 ;1 ;1 ;1 ;1 ;1 ;1 ;1 ;1 ;0 ;0 ;1 ;1 ;1 ;0 ;1 ;1 ;1 ;0 ;0
"31" ;1 ;39.6949999332428 ;"-10" ;0 ;0 ;0 ;0 ;0 ;0 ;0 ;0 ;0 ;0 ;0 ;0 ;0 ;0 ;0 ;0 ;0 ;0 ;0 ;0.125 ;0 ;0 ;0 ;0 ;0 ;0 ;0 ;0 ;0 ;0 ;0 ;0 ;0 ;0 ;0 ;0 ;0 ;0 ;0 ;0 ;0 ;0 ;0 ;0 ;0 ;0 ;0 ;0 ;0 ;1 ;0 ;0 ;0 ;0 ;0 ;0 ;0 ;0 ;0 ;0 ;0 ;0
"32" ;0 ;45.9900000095367 ;"1" ;0 ;0.111111111111111 ;0 ;0 ;0 ;0 ;0.111111111111111 ;0.111111111111111 ;0.111111111111111 ;0.111111111111111 ;0 ;0.111111111111111 ;0 ;0 ;0.111111111111111 ;0 ;0.111111111111111 ;0 ;0 ;0.111111111111111 ;0 ;0.111111111111111 ;0 ;0 ;0.111111111111111 ;0 ;0.111111111111111 ;0 ;0 ;0.111111111111111 ;0 ;1 ;0 ;0 ;0 ;0 ;1 ;1 ;1 ;1 ;0 ;1 ;0 ;0 ;1 ;0 ;1 ;0 ;0 ;1 ;0 ;1 ;0 ;0 ;1 ;0 ;1 ;0 ;0 ;1 ;0 ;0
"33" ;0 ;308.996999979019 ;"1" ;0 ;0 ;0 ;0 ;0 ;0 ;0 ;0.0645161290322581 ;0.0645161290322581 ;0.0161290322580645 ;0 ;0 ;0 ;0 ;0 ;0 ;0.0645161290322581 ;0.0967741935483871 ;0.0806451612903226 ;0.0483870967741935 ;0 ;0 ;0 ;0 ;0 ;0 ;0.032258064516129 ;0.0806451612903226 ;0.0806451612903226 ;0.0161290322580645 ;0 ;0 ;0 ;0 ;0 ;0 ;0 ;1 ;1 ;1 ;0 ;0 ;0 ;0 ;0 ;0 ;1 ;1 ;1 ;1 ;0 ;0 ;0 ;0 ;0 ;0 ;1 ;1 ;1 ;1 ;0 ;0
"34" ;0 ;11.808000087738 ;"0" ;0 ;0 ;0 ;0 ;0 ;0 ;0 ;0 ;0.5 ;0 ;0 ;0 ;0 ;0 ;0 ;0 ;0 ;0 ;0.5 ;0 ;0 ;0 ;0 ;0 ;0 ;0 ;0 ;0 ;0 ;0 ;0 ;0 ;0 ;0 ;0 ;0 ;0 ;0 ;1 ;0 ;0 ;0 ;0 ;0 ;0 ;0 ;0 ;0 ;1 ;0 ;0 ;0 ;0 ;0 ;0 ;0 ;0 ;0 ;0 ;0 ;0 ;0
"35" ;0 ;334.932999849319 ;"1" ;0.0298507462686567 ;0.0298507462686567 ;0.0597014925373134 ;0.0298507462686567 ;0 ;0 ;0 ;0 ;0 ;0 ;0.0597014925373134 ;0.0597014925373134 ;0.0597014925373134 ;0.0597014925373134 ;0 ;0 ;0 ;0 ;0 ;0.0149253731343284 ;0.0149253731343284 ;0.0298507462686567 ;0.0298507462686567 ;0.0597014925373134 ;0 ;0 ;0 ;0 ;0 ;0 ;1 ;1 ;1 ;1 ;0 ;0 ;0 ;0 ;0 ;0 ;1 ;1 ;1 ;1 ;0 ;0 ;0 ;0 ;0 ;1 ;1 ;1 ;1 ;1 ;0 ;0 ;0 ;0 ;0 ;0 ;0 ;0
"36" ;0 ;92.0820000171661 ;"1" ;0.0555555555555556 ;0 ;0.111111111111111 ;0.0555555555555556 ;0.0555555555555556 ;0 ;0.111111111111111 ;0.0555555555555556 ;0.0555555555555556 ;0.111111111111111 ;0.0555555555555556 ;0.111111111111111 ;0.111111111111111 ;0.0555555555555556 ;0.111111111111111 ;0.111111111111111 ;0.111111111111111 ;0.0555555555555556 ;0.111111111111111 ;0.111111111111111 ;0.0555555555555556 ;0 ;0.111111111111111 ;0.0555555555555556 ;0.111111111111111 ;0.111111111111111 ;0.111111111111111 ;0.0555555555555556 ;0.111111111111111 ;0 ;1 ;0 ;1 ;1 ;1 ;0 ;1 ;1 ;1 ;1 ;1 ;1 ;1 ;1 ;1 ;1 ;1 ;1 ;1 ;1 ;1 ;0 ;1 ;1 ;1 ;1 ;1 ;1 ;1 ;0 ;0 ;0
"37" ;0 ;72.0110001564026 ;"1" ;0 ;0 ;0.133333333333333 ;0 ;0.133333333333333 ;0.0666666666666667 ;0.0666666666666667 ;0.0666666666666667 ;0 ;0.0666666666666667 ;0.0666666666666667 ;0.0666666666666667 ;0.0666666666666667 ;0.0666666666666667 ;0.0666666666666667 ;0 ;0.0666666666666667 ;0.133333333333333 ;0 ;0.133333333333333 ;0 ;0.0666666666666667 ;0 ;0.0666666666666667 ;0 ;0 ;0.0666666666666667 ;0.133333333333333 ;0.0666666666666667 ;0.0666666666666667 ;0 ;0 ;1 ;0 ;1 ;1 ;1 ;1 ;0 ;1 ;1 ;1 ;1 ;1 ;1 ;0 ;1 ;1 ;0 ;1 ;0 ;1 ;0 ;1 ;0 ;0 ;1 ;1 ;1 ;1 ;0 ;0
"38" ;0 ;73.7980000972748 ;"1" ;0 ;0 ;0.133333333333333 ;0 ;0.133333333333333 ;0.0666666666666667 ;0.0666666666666667 ;0.133333333333333 ;0 ;0.0666666666666667 ;0.0666666666666667 ;0.0666666666666667 ;0.133333333333333 ;0.0666666666666667 ;0.133333333333333 ;0.0666666666666667 ;0.0666666666666667 ;0.133333333333333 ;0.0666666666666667 ;0.133333333333333 ;0.0666666666666667 ;0.0666666666666667 ;0.0666666666666667 ;0.0666666666666667 ;0.133333333333333 ;0.0666666666666667 ;0 ;0 ;0.0666666666666667 ;0.133333333333333 ;0 ;0 ;1 ;0 ;1 ;1 ;1 ;1 ;0 ;1 ;1 ;1 ;1 ;1 ;1 ;1 ;1 ;1 ;1 ;1 ;1 ;1 ;1 ;1 ;1 ;1 ;0 ;0 ;1 ;1 ;0 ;0
"39" ;0 ;26.5160000324249 ;"0" ;0 ;0 ;0.2 ;0 ;0.2 ;0 ;0 ;0.2 ;0 ;0.2 ;0 ;0 ;0.2 ;0 ;0 ;0 ;0 ;0 ;0 ;0.2 ;0 ;0 ;0 ;0 ;0 ;0 ;0 ;0 ;0 ;0 ;0 ;0 ;1 ;0 ;1 ;0 ;0 ;1 ;0 ;1 ;0 ;0 ;1 ;0 ;0 ;0 ;0 ;0 ;0 ;1 ;0 ;0 ;0 ;0 ;0 ;0 ;0 ;0 ;0 ;0 ;0 ;0
"40" ;1 ;223.569999933243 ;"-10" ;0 ;0 ;0 ;0 ;0 ;0 ;0 ;0.0222222222222222 ;0.0888888888888889 ;0.0888888888888889 ;0.0222222222222222 ;0 ;0 ;0 ;0 ;0 ;0 ;0.0444444444444444 ;0.0888888888888889 ;0.111111111111111 ;0 ;0 ;0 ;0 ;0 ;0 ;0 ;0.0444444444444444 ;0.0888888888888889 ;0.0666666666666667 ;0 ;0 ;0 ;0 ;0 ;0 ;0 ;1 ;1 ;1 ;1 ;0 ;0 ;0 ;0 ;0 ;0 ;1 ;1 ;1 ;0 ;0 ;0 ;0 ;0 ;0 ;0 ;1 ;1 ;1 ;0 ;0
"41" ;0 ;11.5179998874664 ;"0" ;0 ;0 ;0 ;0 ;0 ;0 ;0 ;0 ;0.5 ;0 ;0 ;0 ;0 ;0 ;0 ;0 ;0 ;0 ;0.5 ;0 ;0 ;0 ;0 ;0 ;0 ;0 ;0 ;0 ;0 ;0 ;0 ;0 ;0 ;0 ;0 ;0 ;0 ;0 ;1 ;0 ;0 ;0 ;0 ;0 ;0 ;0 ;0 ;0 ;1 ;0 ;0 ;0 ;0 ;0 ;0 ;0 ;0 ;0 ;0 ;0 ;0 ;0
"42" ;0 ;67.0729999542236 ;"1" ;0.0714285714285714 ;0.0714285714285714 ;0.0714285714285714 ;0 ;0 ;0.0714285714285714 ;0.0714285714285714 ;0.0714285714285714 ;0.0714285714285714 ;0 ;0.0714285714285714 ;0 ;0 ;0.142857142857143 ;0.0714285714285714 ;0.0714285714285714 ;0.142857142857143 ;0.0714285714285714 ;0.0714285714285714 ;0.142857142857143 ;0.0714285714285714 ;0 ;0 ;0.142857142857143 ;0.0714285714285714 ;0.0714285714285714 ;0.142857142857143 ;0 ;0 ;0.142857142857143 ;1 ;1 ;1 ;0 ;0 ;1 ;1 ;1 ;1 ;0 ;1 ;0 ;0 ;1 ;1 ;1 ;1 ;1 ;1 ;1 ;1 ;0 ;0 ;1 ;1 ;1 ;1 ;0 ;0 ;1 ;0 ;0
"43" ;0 ;86.0540001392365 ;"1" ;0.0588235294117647 ;0.0588235294117647 ;0 ;0.0588235294117647 ;0.117647058823529 ;0.0588235294117647 ;0.0588235294117647 ;0 ;0.117647058823529 ;0.0588235294117647 ;0 ;0.117647058823529 ;0.0588235294117647 ;0.117647058823529 ;0.117647058823529 ;0.0588235294117647 ;0.117647058823529 ;0.0588235294117647 ;0.117647058823529 ;0.117647058823529 ;0 ;0.117647058823529 ;0.0588235294117647 ;0.0588235294117647 ;0.117647058823529 ;0.0588235294117647 ;0.117647058823529 ;0.0588235294117647 ;0.0588235294117647 ;0.117647058823529 ;1 ;1 ;0 ;1 ;1 ;1 ;1 ;0 ;1 ;1 ;0 ;1 ;1 ;1 ;1 ;1 ;1 ;1 ;1 ;1 ;0 ;1 ;1 ;1 ;1 ;1 ;1 ;1 ;1 ;1 ;0 ;0
"44" ;0 ;78.2839999198914 ;"1" ;0 ;0 ;0.0625 ;0.125 ;0.0625 ;0.0625 ;0.0625 ;0.125 ;0.0625 ;0.125 ;0.0625 ;0.125 ;0.0625 ;0.125 ;0.0625 ;0.125 ;0.0625 ;0.125 ;0.0625 ;0.125 ;0.0625 ;0.125 ;0.0625 ;0.125 ;0.0625 ;0.125 ;0.0625 ;0.125 ;0.0625 ;0.0625 ;0 ;0 ;1 ;1 ;1 ;1 ;1 ;1 ;1 ;1 ;1 ;1 ;1 ;1 ;1 ;1 ;1 ;1 ;1 ;1 ;1 ;1 ;1 ;1 ;1 ;1 ;1 ;1 ;1 ;1 ;0 ;0
"45" ;0 ;19.143000125885 ;"0" ;0 ;0 ;0 ;0.25 ;0 ;0 ;0.25 ;0 ;0 ;0.25 ;0 ;0 ;0 ;0 ;0 ;0 ;0.25 ;0 ;0 ;0 ;0 ;0 ;0 ;0 ;0 ;0 ;0.25 ;0 ;0 ;0 ;0 ;0 ;0 ;1 ;0 ;0 ;1 ;0 ;0 ;1 ;0 ;0 ;0 ;0 ;0 ;0 ;1 ;0 ;0 ;0 ;0 ;0 ;0 ;0 ;0 ;0 ;1 ;0 ;0 ;0 ;0 ;0
"46" ;0 ;668.986999988556 ;"1" ;0 ;0.00746268656716418 ;0 ;0 ;0 ;0 ;0 ;0 ;0.0223880597014925 ;0.0746268656716418 ;0 ;0 ;0 ;0 ;0 ;0 ;0 ;0 ;0.0149253731343284 ;0.0373134328358209 ;0 ;0 ;0 ;0 ;0 ;0 ;0 ;0 ;0.00746268656716418 ;0.0373134328358209 ;0 ;1 ;0 ;0 ;0 ;0 ;0 ;0 ;1 ;1 ;0 ;0 ;0 ;0 ;0 ;0 ;0 ;0 ;1 ;1 ;0 ;0 ;0 ;0 ;0 ;0 ;0 ;0 ;1 ;1 ;0 ;0
"47" ;0 ;177.957000017166 ;"1" ;0 ;0 ;0.0555555555555556 ;0.0833333333333333 ;0.0277777777777778 ;0.0833333333333333 ;0.0277777777777778 ;0 ;0.0555555555555556 ;0.0833333333333333 ;0.0833333333333333 ;0.111111111111111 ;0.0833333333333333 ;0.111111111111111 ;0.0833333333333333 ;0.111111111111111 ;0.0833333333333333 ;0.0833333333333333 ;0.0555555555555556 ;0.0833333333333333 ;0.0277777777777778 ;0.0277777777777778 ;0.0555555555555556 ;0.0555555555555556 ;0.0833333333333333 ;0.0833333333333333 ;0.0833333333333333 ;0.0833333333333333 ;0.0277777777777778 ;0.0555555555555556 ;0 ;0 ;1 ;1 ;1 ;1 ;1 ;0 ;1 ;1 ;1 ;1 ;1 ;1 ;1 ;1 ;1 ;1 ;1 ;1 ;1 ;1 ;1 ;1 ;1 ;1 ;1 ;1 ;1 ;1 ;1 ;0
"48" ;0 ;24.316999912262 ;"-10" ;0 ;0 ;0 ;0 ;0.2 ;0 ;0 ;0.2 ;0 ;0.2 ;0 ;0 ;0.2 ;0 ;0.2 ;0 ;0 ;0 ;0 ;0.2 ;0 ;0 ;0.2 ;0 ;0 ;0 ;0 ;0 ;0 ;0.2 ;0 ;0 ;0 ;0 ;1 ;0 ;0 ;1 ;0 ;1 ;0 ;0 ;1 ;0 ;1 ;0 ;0 ;0 ;0 ;1 ;0 ;0 ;1 ;0 ;0 ;0 ;0 ;0 ;0 ;1 ;0 ;0
"49" ;1 ;25.3550000190735 ;"-10" ;0 ;0 ;0 ;0 ;0 ;0 ;0 ;0 ;0 ;0 ;0 ;0 ;0 ;0 ;0 ;0 ;0 ;0.2 ;0 ;0.2 ;0 ;0 ;0 ;0 ;0 ;0 ;0 ;0 ;0 ;0.2 ;0 ;0 ;0 ;0 ;0 ;0 ;0 ;0 ;0 ;0 ;0 ;0 ;0 ;0 ;0 ;0 ;0 ;1 ;0 ;1 ;0 ;0 ;0 ;0 ;0 ;0 ;0 ;0 ;0 ;1 ;0 ;0
"50" ;0 ;49.1110000610352 ;"1" ;0 ;0.1 ;0.1 ;0 ;0.1 ;0.1 ;0.1 ;0.1 ;0 ;0.1 ;0 ;0 ;0.1 ;0 ;0.1 ;0.1 ;0.1 ;0.1 ;0.1 ;0.1 ;0 ;0 ;0.1 ;0 ;0.1 ;0.1 ;0 ;0.1 ;0.1 ;0 ;0 ;1 ;1 ;0 ;1 ;1 ;1 ;1 ;0 ;1 ;0 ;0 ;1 ;0 ;1 ;1 ;1 ;1 ;1 ;1 ;0 ;0 ;1 ;0 ;1 ;1 ;0 ;1 ;1 ;0 ;0 ;0
"51" ;0 ;19.5210001468658 ;"0" ;0 ;0 ;0 ;0.25 ;0 ;0 ;0.25 ;0 ;0 ;0.25 ;0 ;0 ;0 ;0.25 ;0 ;0 ;0.25 ;0 ;0 ;0 ;0 ;0 ;0 ;0 ;0 ;0 ;0.25 ;0 ;0 ;0.25 ;0 ;0 ;0 ;1 ;0 ;0 ;1 ;0 ;0 ;1 ;0 ;0 ;0 ;1 ;0 ;0 ;1 ;0 ;0 ;0 ;0 ;0 ;0 ;0 ;0 ;0 ;1 ;0 ;0 ;1 ;0 ;0
"52" ;0 ;23.0050001144409 ;"-10" ;0 ;0 ;0 ;0 ;0 ;0 ;0.25 ;0 ;0 ;0 ;0 ;0 ;0 ;0.25 ;0 ;0 ;0.25 ;0 ;0 ;0.25 ;0 ;0 ;0 ;0.25 ;0 ;0 ;0 ;0 ;0 ;0 ;0 ;0 ;0 ;0 ;0 ;0 ;1 ;0 ;0 ;0 ;0 ;0 ;0 ;1 ;0 ;0 ;1 ;0 ;0 ;1 ;0 ;0 ;0 ;1 ;0 ;0 ;0 ;0 ;0 ;0 ;0 ;0
"53" ;0 ;95.4100000858307 ;"1" ;0 ;0 ;0 ;0.105263157894737 ;0.105263157894737 ;0.105263157894737 ;0.0526315789473684 ;0.0526315789473684 ;0.105263157894737 ;0.0526315789473684 ;0 ;0 ;0.0526315789473684 ;0.105263157894737 ;0.105263157894737 ;0.105263157894737 ;0.0526315789473684 ;0.105263157894737 ;0.105263157894737 ;0.105263157894737 ;0 ;0 ;0.0526315789473684 ;0.105263157894737 ;0.105263157894737 ;0.105263157894737 ;0.0526315789473684 ;0.105263157894737 ;0.0526315789473684 ;0.0526315789473684 ;0 ;0 ;0 ;1 ;1 ;1 ;1 ;1 ;1 ;1 ;0 ;0 ;1 ;1 ;1 ;1 ;1 ;1 ;1 ;1 ;0 ;0 ;1 ;1 ;1 ;1 ;1 ;1 ;1 ;1 ;0 ;0
"54" ;1 ;116.084000110626 ;"-10" ;0 ;0.0434782608695652 ;0 ;0 ;0 ;0 ;0 ;0 ;0 ;0 ;0.0869565217391304 ;0.0869565217391304 ;0.0869565217391304 ;0.0869565217391304 ;0.130434782608696 ;0.0434782608695652 ;0.0869565217391304 ;0.0869565217391304 ;0.0434782608695652 ;0.0869565217391304 ;0.0869565217391304 ;0.0869565217391304 ;0.0434782608695652 ;0.0434782608695652 ;0.130434782608696 ;0.0434782608695652 ;0.0869565217391304 ;0.0869565217391304 ;0.0434782608695652 ;0.0869565217391304 ;0 ;1 ;0 ;0 ;0 ;0 ;0 ;0 ;0 ;0 ;1 ;1 ;1 ;1 ;1 ;1 ;1 ;1 ;1 ;1 ;1 ;1 ;1 ;1 ;1 ;1 ;1 ;1 ;1 ;1 ;0 ;0
"55" ;0 ;92.1389999389648 ;"1" ;0 ;0 ;0.133333333333333 ;0 ;0.0666666666666667 ;0.0666666666666667 ;0.0666666666666667 ;0.0666666666666667 ;0 ;0.0666666666666667 ;0.0666666666666667 ;0.133333333333333 ;0.0666666666666667 ;0.133333333333333 ;0 ;0.0666666666666667 ;0.0666666666666667 ;0.0666666666666667 ;0 ;0.0666666666666667 ;0.0666666666666667 ;0.133333333333333 ;0 ;0.133333333333333 ;0 ;0.0666666666666667 ;0.0666666666666667 ;0 ;0 ;0 ;0 ;0 ;1 ;0 ;1 ;1 ;1 ;1 ;0 ;1 ;1 ;1 ;1 ;1 ;0 ;1 ;1 ;1 ;0 ;1 ;1 ;1 ;0 ;1 ;0 ;1 ;1 ;0 ;0 ;0 ;0 ;0
"56" ;0 ;235.885999917984 ;"1" ;0 ;0 ;0.0416666666666667 ;0 ;0 ;0 ;0.0416666666666667 ;0.0625 ;0.0208333333333333 ;0.0625 ;0.0416666666666667 ;0.0416666666666667 ;0.104166666666667 ;0.0833333333333333 ;0.0208333333333333 ;0 ;0.0625 ;0.0625 ;0.0833333333333333 ;0.0833333333333333 ;0 ;0.0416666666666667 ;0.104166666666667 ;0.0416666666666667 ;0 ;0 ;0.0416666666666667 ;0.0625 ;0.0625 ;0.0833333333333333 ;0 ;0 ;1 ;0 ;0 ;0 ;1 ;1 ;1 ;1 ;1 ;1 ;1 ;1 ;1 ;0 ;1 ;1 ;1 ;1 ;0 ;1 ;1 ;1 ;0 ;0 ;1 ;1 ;1 ;1 ;0 ;0
"57" ;0 ;59.2240002155304 ;"1" ;0.0833333333333333 ;0.0833333333333333 ;0.0833333333333333 ;0 ;0 ;0 ;0.0833333333333333 ;0 ;0.166666666666667 ;0.0833333333333333 ;0.0833333333333333 ;0.0833333333333333 ;0.0833333333333333 ;0.0833333333333333 ;0.0833333333333333 ;0.0833333333333333 ;0.0833333333333333 ;0.0833333333333333 ;0.166666666666667 ;0.0833333333333333 ;0.0833333333333333 ;0.0833333333333333 ;0.0833333333333333 ;0.0833333333333333 ;0 ;0.0833333333333333 ;0.0833333333333333 ;0 ;0.0833333333333333 ;0.0833333333333333 ;1 ;1 ;1 ;0 ;0 ;0 ;1 ;0 ;1 ;1 ;1 ;1 ;1 ;1 ;1 ;1 ;1 ;1 ;1 ;1 ;1 ;1 ;1 ;1 ;0 ;1 ;1 ;0 ;1 ;1 ;0 ;0
"58" ;0 ;147.428999900818 ;"1" ;0 ;0.0333333333333333 ;0.1 ;0 ;0.1 ;0.1 ;0.1 ;0.1 ;0.1 ;0.0666666666666667 ;0.0666666666666667 ;0.1 ;0.0666666666666667 ;0.1 ;0.0666666666666667 ;0.1 ;0.0666666666666667 ;0.1 ;0.0666666666666667 ;0.1 ;0.0666666666666667 ;0.0666666666666667 ;0.0333333333333333 ;0.0666666666666667 ;0.0666666666666667 ;0.1 ;0.0666666666666667 ;0.1 ;0.0666666666666667 ;0.0666666666666667 ;0 ;1 ;1 ;0 ;1 ;1 ;1 ;1 ;1 ;1 ;1 ;1 ;1 ;1 ;1 ;1 ;1 ;1 ;1 ;1 ;1 ;1 ;1 ;1 ;1 ;1 ;1 ;1 ;1 ;1 ;0 ;0
"59" ;0 ;132.263999938965 ;"1" ;0 ;0.111111111111111 ;0 ;0 ;0.0740740740740741 ;0.0740740740740741 ;0.0740740740740741 ;0 ;0.037037037037037 ;0.111111111111111 ;0.0740740740740741 ;0.0740740740740741 ;0.0740740740740741 ;0.111111111111111 ;0.111111111111111 ;0.0740740740740741 ;0.111111111111111 ;0.0740740740740741 ;0.0740740740740741 ;0.111111111111111 ;0.0740740740740741 ;0.0740740740740741 ;0.0740740740740741 ;0.0740740740740741 ;0.111111111111111 ;0.0740740740740741 ;0.111111111111111 ;0.037037037037037 ;0.0740740740740741 ;0.111111111111111 ;0 ;1 ;0 ;0 ;1 ;1 ;1 ;0 ;1 ;1 ;1 ;1 ;1 ;1 ;1 ;1 ;1 ;1 ;1 ;1 ;1 ;1 ;1 ;1 ;1 ;1 ;1 ;1 ;1 ;1 ;0 ;0
"60" ;0 ;91.7999999523163 ;"1" ;0.0555555555555556 ;0.111111111111111 ;0.111111111111111 ;0.0555555555555556 ;0.111111111111111 ;0.111111111111111 ;0.111111111111111 ;0.0555555555555556 ;0.111111111111111 ;0.111111111111111 ;0.0555555555555556 ;0.111111111111111 ;0.0555555555555556 ;0 ;0.0555555555555556 ;0.111111111111111 ;0.0555555555555556 ;0.0555555555555556 ;0.0555555555555556 ;0.111111111111111 ;0 ;0.0555555555555556 ;0.0555555555555556 ;0 ;0.0555555555555556 ;0.0555555555555556 ;0.0555555555555556 ;0.0555555555555556 ;0.0555555555555556 ;0.111111111111111 ;1 ;1 ;1 ;1 ;1 ;1 ;1 ;1 ;1 ;1 ;1 ;1 ;1 ;0 ;1 ;1 ;1 ;1 ;1 ;1 ;0 ;1 ;1 ;0 ;1 ;1 ;1 ;1 ;1 ;1 ;0 ;0
"61" ;0 ;134.498000144958 ;"1" ;0 ;0 ;0 ;0.037037037037037 ;0.037037037037037 ;0.037037037037037 ;0 ;0.0740740740740741 ;0.0740740740740741 ;0.111111111111111 ;0.0740740740740741 ;0.111111111111111 ;0.0740740740740741 ;0.0740740740740741 ;0.0740740740740741 ;0.0740740740740741 ;0.0740740740740741 ;0.0740740740740741 ;0.0740740740740741 ;0.111111111111111 ;0 ;0.111111111111111 ;0 ;0.037037037037037 ;0.0740740740740741 ;0.037037037037037 ;0.0740740740740741 ;0.0740740740740741 ;0.0740740740740741 ;0.111111111111111 ;0 ;0 ;0 ;1 ;1 ;1 ;0 ;1 ;1 ;1 ;1 ;1 ;1 ;1 ;1 ;1 ;1 ;1 ;1 ;1 ;0 ;1 ;0 ;1 ;1 ;1 ;1 ;1 ;1 ;1 ;0 ;0
"62" ;0 ;59.231999874115 ;"1" ;0.0833333333333333 ;0.0833333333333333 ;0.0833333333333333 ;0.0833333333333333 ;0.0833333333333333 ;0.0833333333333333 ;0.0833333333333333 ;0.0833333333333333 ;0 ;0.0833333333333333 ;0 ;0 ;0.0833333333333333 ;0 ;0 ;0 ;0 ;0.0833333333333333 ;0.166666666666667 ;0.0833333333333333 ;0 ;0 ;0.0833333333333333 ;0 ;0 ;0 ;0 ;0.0833333333333333 ;0 ;0 ;1 ;1 ;1 ;1 ;1 ;1 ;1 ;1 ;0 ;1 ;0 ;0 ;1 ;0 ;0 ;0 ;0 ;1 ;1 ;1 ;0 ;0 ;1 ;0 ;0 ;0 ;0 ;1 ;0 ;0 ;0 ;0
"63" ;0 ;316.289999961853 ;"1" ;0.0158730158730159 ;0.0634920634920635 ;0.0317460317460317 ;0 ;0.0158730158730159 ;0.0793650793650794 ;0.0158730158730159 ;0.0476190476190476 ;0.0476190476190476 ;0.0317460317460317 ;0.0952380952380952 ;0 ;0.0952380952380952 ;0.0476190476190476 ;0.111111111111111 ;0.0634920634920635 ;0.0634920634920635 ;0.0793650793650794 ;0.0634920634920635 ;0.111111111111111 ;0.0793650793650794 ;0 ;0.0158730158730159 ;0 ;0.0634920634920635 ;0.0317460317460317 ;0.0317460317460317 ;0.0476190476190476 ;0.0634920634920635 ;0.0793650793650794 ;1 ;1 ;1 ;0 ;1 ;1 ;1 ;1 ;1 ;1 ;1 ;0 ;1 ;1 ;1 ;1 ;1 ;1 ;1 ;1 ;1 ;0 ;1 ;0 ;1 ;1 ;1 ;1 ;1 ;1 ;0 ;0
"64" ;0 ;122.710000038147 ;"1" ;0 ;0 ;0.08 ;0.04 ;0.08 ;0 ;0.08 ;0 ;0.04 ;0.12 ;0.04 ;0.04 ;0.12 ;0 ;0.08 ;0.04 ;0.04 ;0.04 ;0.08 ;0.08 ;0 ;0.04 ;0.04 ;0.08 ;0.04 ;0.04 ;0 ;0.12 ;0 ;0.08 ;0 ;0 ;1 ;1 ;1 ;0 ;1 ;0 ;1 ;1 ;1 ;1 ;1 ;0 ;1 ;1 ;1 ;1 ;1 ;1 ;0 ;1 ;1 ;1 ;1 ;1 ;0 ;1 ;0 ;1 ;0 ;0
"65" ;0 ;103.255000114441 ;"1" ;0.0952380952380952 ;0.0476190476190476 ;0.0952380952380952 ;0.0952380952380952 ;0.0952380952380952 ;0.0952380952380952 ;0.0476190476190476 ;0.0952380952380952 ;0.0476190476190476 ;0.0476190476190476 ;0.0476190476190476 ;0.0952380952380952 ;0.0476190476190476 ;0.0952380952380952 ;0.0476190476190476 ;0.0952380952380952 ;0.0952380952380952 ;0.0952380952380952 ;0.0476190476190476 ;0.0476190476190476 ;0.0476190476190476 ;0.0952380952380952 ;0.0476190476190476 ;0.0952380952380952 ;0.0476190476190476 ;0.0952380952380952 ;0.0952380952380952 ;0.0952380952380952 ;0.0476190476190476 ;0.0476190476190476 ;1 ;1 ;1 ;1 ;1 ;1 ;1 ;1 ;1 ;1 ;1 ;1 ;1 ;1 ;1 ;1 ;1 ;1 ;1 ;1 ;1 ;1 ;1 ;1 ;1 ;1 ;1 ;1 ;1 ;1 ;0 ;0
"66" ;0 ;56.4650001525879 ;"1" ;0.0833333333333333 ;0.0833333333333333 ;0.0833333333333333 ;0.0833333333333333 ;0.0833333333333333 ;0.0833333333333333 ;0.0833333333333333 ;0 ;0.166666666666667 ;0.0833333333333333 ;0.0833333333333333 ;0 ;0.0833333333333333 ;0.0833333333333333 ;0 ;0 ;0 ;0.0833333333333333 ;0.166666666666667 ;0.0833333333333333 ;0 ;0 ;0.0833333333333333 ;0.0833333333333333 ;0 ;0 ;0 ;0.0833333333333333 ;0.0833333333333333 ;0.0833333333333333 ;1 ;1 ;1 ;1 ;1 ;1 ;1 ;0 ;1 ;1 ;1 ;0 ;1 ;1 ;0 ;0 ;0 ;1 ;1 ;1 ;0 ;0 ;1 ;1 ;0 ;0 ;0 ;1 ;1 ;1 ;0 ;0
"67" ;0 ;326.213999986649 ;"1" ;0 ;0 ;0.0298507462686567 ;0.0298507462686567 ;0.0895522388059701 ;0.0298507462686567 ;0.0447761194029851 ;0 ;0.0447761194029851 ;0.0149253731343284 ;0.0298507462686567 ;0.0298507462686567 ;0.104477611940299 ;0.0447761194029851 ;0 ;0.0149253731343284 ;0.0597014925373134 ;0.0298507462686567 ;0.0447761194029851 ;0.0597014925373134 ;0 ;0.0447761194029851 ;0.0746268656716418 ;0.0746268656716418 ;0.0597014925373134 ;0.0895522388059701 ;0.0597014925373134 ;0.104477611940299 ;0.0447761194029851 ;0.0746268656716418 ;0 ;0 ;1 ;1 ;1 ;1 ;1 ;0 ;1 ;1 ;1 ;1 ;1 ;1 ;0 ;1 ;1 ;1 ;1 ;1 ;0 ;1 ;1 ;1 ;1 ;1 ;1 ;1 ;1 ;1 ;1 ;0
"68" ;0 ;99.0409998893738 ;"1" ;0 ;0 ;0 ;0 ;0 ;0.1 ;0.1 ;0.1 ;0.1 ;0.05 ;0 ;0.05 ;0.05 ;0.05 ;0.05 ;0.1 ;0.05 ;0.1 ;0.1 ;0.1 ;0 ;0 ;0.05 ;0 ;0 ;0.1 ;0.05 ;0.1 ;0.1 ;0.1 ;0 ;0 ;0 ;0 ;0 ;1 ;1 ;1 ;1 ;1 ;0 ;1 ;1 ;1 ;1 ;1 ;1 ;1 ;1 ;1 ;0 ;0 ;1 ;0 ;0 ;1 ;1 ;1 ;1 ;1 ;0 ;0
"69" ;1 ;112.762000083923 ;"-10" ;0 ;0 ;0 ;0 ;0 ;0 ;0 ;0 ;0 ;0 ;0.0869565217391304 ;0.0869565217391304 ;0.0869565217391304 ;0.0869565217391304 ;0.130434782608696 ;0.0869565217391304 ;0.0434782608695652 ;0.0869565217391304 ;0.0869565217391304 ;0.0869565217391304 ;0.0434782608695652 ;0 ;0.0869565217391304 ;0.0434782608695652 ;0.0869565217391304 ;0.0434782608695652 ;0.0869565217391304 ;0.0869565217391304 ;0 ;0.0869565217391304 ;0 ;0 ;0 ;0 ;0 ;0 ;0 ;0 ;0 ;0 ;1 ;1 ;1 ;1 ;1 ;1 ;1 ;1 ;1 ;1 ;1 ;0 ;1 ;1 ;1 ;1 ;1 ;1 ;0 ;1 ;1 ;0
"70" ;0 ;417.284999847412 ;"1" ;0 ;0 ;0 ;0 ;0.0238095238095238 ;0.0714285714285714 ;0.0476190476190476 ;0.0833333333333333 ;0 ;0.0119047619047619 ;0.0238095238095238 ;0 ;0 ;0 ;0.0714285714285714 ;0.0595238095238095 ;0.0714285714285714 ;0.0714285714285714 ;0.0833333333333333 ;0.0952380952380952 ;0.0119047619047619 ;0 ;0 ;0 ;0.0595238095238095 ;0.0476190476190476 ;0.0714285714285714 ;0.0714285714285714 ;0.0833333333333333 ;0.0833333333333333 ;0 ;0 ;0 ;0 ;1 ;1 ;1 ;1 ;0 ;1 ;1 ;0 ;0 ;0 ;1 ;1 ;1 ;1 ;1 ;1 ;1 ;0 ;0 ;0 ;1 ;1 ;1 ;1 ;1 ;1 ;0 ;0
"71" ;0 ;17.0900001525879 ;"0" ;0 ;0 ;0 ;0 ;0.333333333333333 ;0 ;0 ;0 ;0 ;0.333333333333333 ;0 ;0 ;0 ;0 ;0.333333333333333 ;0 ;0 ;0 ;0 ;0.333333333333333 ;0 ;0 ;0 ;0 ;0 ;0 ;0 ;0 ;0 ;0.333333333333333 ;0 ;0 ;0 ;0 ;1 ;0 ;0 ;0 ;0 ;1 ;0 ;0 ;0 ;0 ;1 ;0 ;0 ;0 ;0 ;1 ;0 ;0 ;0 ;0 ;0 ;0 ;0 ;0 ;0 ;1 ;0 ;0
"72" ;1 ;124.94000005722 ;"-10" ;0 ;0 ;0 ;0 ;0 ;0 ;0 ;0 ;0 ;0 ;0.08 ;0.04 ;0 ;0 ;0 ;0 ;0 ;0 ;0 ;0 ;0.04 ;0 ;0 ;0 ;0 ;0 ;0 ;0 ;0 ;0 ;0 ;0 ;0 ;0 ;0 ;0 ;0 ;0 ;0 ;0 ;1 ;1 ;0 ;0 ;0 ;0 ;0 ;0 ;0 ;0 ;1 ;0 ;0 ;0 ;0 ;0 ;0 ;0 ;0 ;0 ;0 ;0
"73" ;0 ;22.7320001125336 ;"-10" ;0 ;0 ;0.2 ;0 ;0.2 ;0 ;0 ;0.2 ;0 ;0.2 ;0 ;0 ;0.2 ;0 ;0.2 ;0 ;0 ;0.2 ;0 ;0.2 ;0 ;0 ;0 ;0 ;0 ;0 ;0 ;0 ;0 ;0 ;0 ;0 ;1 ;0 ;1 ;0 ;0 ;1 ;0 ;1 ;0 ;0 ;1 ;0 ;1 ;0 ;0 ;1 ;0 ;1 ;0 ;0 ;0 ;0 ;0 ;0 ;0 ;0 ;0 ;0 ;0 ;0
"74" ;1 ;37.7739999294281 ;"-10" ;0 ;0 ;0 ;0 ;0 ;0 ;0 ;0 ;0 ;0 ;0 ;0.125 ;0.125 ;0 ;0.125 ;0.125 ;0 ;0.125 ;0.125 ;0.125 ;0 ;0 ;0 ;0 ;0 ;0.125 ;0 ;0 ;0 ;0 ;0 ;0 ;0 ;0 ;0 ;0 ;0 ;0 ;0 ;0 ;0 ;1 ;1 ;0 ;1 ;1 ;0 ;1 ;1 ;1 ;0 ;0 ;0 ;0 ;0 ;1 ;0 ;0 ;0 ;0 ;0 ;0
"75" ;1 ;45.7980000972748 ;"-10" ;0 ;0 ;0 ;0 ;0 ;0 ;0 ;0 ;0 ;0 ;0 ;0 ;0 ;0 ;0 ;0 ;0 ;0 ;0 ;0.111111111111111 ;0 ;0 ;0 ;0 ;0 ;0 ;0 ;0 ;0 ;0 ;0 ;0 ;0 ;0 ;0 ;0 ;0 ;0 ;0 ;0 ;0 ;0 ;0 ;0 ;0 ;0 ;0 ;0 ;0 ;1 ;0 ;0 ;0 ;0 ;0 ;0 ;0 ;0 ;0 ;0 ;0 ;0
"76" ;1 ;5.21500015258789 ;"-10" ;0 ;0 ;0 ;0 ;0 ;0 ;0 ;0 ;0 ;0 ;0 ;0 ;0 ;0 ;0 ;0 ;0 ;0 ;0 ;0 ;0 ;0 ;0 ;0 ;0 ;0 ;0 ;0 ;0 ;0 ;0 ;0 ;0 ;0 ;0 ;0 ;0 ;0 ;0 ;0 ;0 ;0 ;0 ;0 ;0 ;0 ;0 ;0 ;0 ;0 ;0 ;0 ;0 ;0 ;0 ;0 ;0 ;0 ;0 ;0 ;0 ;0
"77" ;1 ;18.1679999828339 ;"-10" ;0 ;0 ;0 ;0 ;0 ;0 ;0 ;0 ;0 ;0 ;0 ;0 ;0 ;0 ;0 ;0 ;0 ;0 ;0 ;0.333333333333333 ;0 ;0 ;0 ;0 ;0 ;0 ;0 ;0 ;0 ;0.333333333333333 ;0 ;0 ;0 ;0 ;0 ;0 ;0 ;0 ;0 ;0 ;0 ;0 ;0 ;0 ;0 ;0 ;0 ;0 ;0 ;1 ;0 ;0 ;0 ;0 ;0 ;0 ;0 ;0 ;0 ;1 ;0 ;0
"78" ;0 ;53.356999874115 ;"1" ;0 ;0 ;0.0909090909090909 ;0.0909090909090909 ;0 ;0.0909090909090909 ;0.0909090909090909 ;0.0909090909090909 ;0.0909090909090909 ;0.0909090909090909 ;0.0909090909090909 ;0.0909090909090909 ;0.0909090909090909 ;0.0909090909090909 ;0.0909090909090909 ;0.0909090909090909 ;0.0909090909090909 ;0.0909090909090909 ;0.0909090909090909 ;0.0909090909090909 ;0.0909090909090909 ;0.0909090909090909 ;0.0909090909090909 ;0.0909090909090909 ;0.0909090909090909 ;0 ;0.0909090909090909 ;0.0909090909090909 ;0.0909090909090909 ;0.0909090909090909 ;0 ;0 ;1 ;1 ;0 ;1 ;1 ;1 ;1 ;1 ;1 ;1 ;1 ;1 ;1 ;1 ;1 ;1 ;1 ;1 ;1 ;1 ;1 ;1 ;1 ;0 ;1 ;1 ;1 ;1 ;0 ;0
"79" ;0 ;182.15499997139 ;"1" ;0 ;0 ;0.0277777777777778 ;0.0833333333333333 ;0.0277777777777778 ;0.0833333333333333 ;0.0277777777777778 ;0.0555555555555556 ;0.0277777777777778 ;0 ;0.0833333333333333 ;0 ;0.0555555555555556 ;0.111111111111111 ;0.0833333333333333 ;0.111111111111111 ;0.0555555555555556 ;0.0833333333333333 ;0.0277777777777778 ;0.111111111111111 ;0.0833333333333333 ;0 ;0.0555555555555556 ;0.0833333333333333 ;0.0833333333333333 ;0.111111111111111 ;0.0555555555555556 ;0.0833333333333333 ;0.0277777777777778 ;0.111111111111111 ;0 ;0 ;1 ;1 ;1 ;1 ;1 ;1 ;1 ;0 ;1 ;0 ;1 ;1 ;1 ;1 ;1 ;1 ;1 ;1 ;1 ;0 ;1 ;1 ;1 ;1 ;1 ;1 ;1 ;1 ;0 ;0
"80" ;0 ;124.190999984741 ;"1" ;0 ;0 ;0 ;0 ;0 ;0.04 ;0.08 ;0.04 ;0.04 ;0.12 ;0.08 ;0 ;0.04 ;0 ;0 ;0.04 ;0.08 ;0.08 ;0.04 ;0.12 ;0 ;0 ;0 ;0 ;0 ;0.04 ;0.08 ;0.04 ;0.04 ;0.12 ;0 ;0 ;0 ;0 ;0 ;1 ;1 ;1 ;1 ;1 ;1 ;0 ;1 ;0 ;0 ;1 ;1 ;1 ;1 ;1 ;0 ;0 ;0 ;0 ;0 ;1 ;1 ;1 ;1 ;1 ;0 ;0
"81" ;0 ;195.352999925613 ;"1" ;0 ;0.0256410256410256 ;0.0769230769230769 ;0.102564102564103 ;0.0769230769230769 ;0.0769230769230769 ;0.0769230769230769 ;0 ;0 ;0.0512820512820513 ;0.0512820512820513 ;0.102564102564103 ;0.0769230769230769 ;0.0512820512820513 ;0.0769230769230769 ;0.0769230769230769 ;0.0769230769230769 ;0.0256410256410256 ;0.0256410256410256 ;0.0769230769230769 ;0.0256410256410256 ;0.102564102564103 ;0.0512820512820513 ;0.0512820512820513 ;0.102564102564103 ;0.0769230769230769 ;0.0769230769230769 ;0.0769230769230769 ;0.0769230769230769 ;0.0512820512820513 ;0 ;1 ;1 ;1 ;1 ;1 ;1 ;0 ;0 ;1 ;1 ;1 ;1 ;1 ;1 ;1 ;1 ;1 ;1 ;1 ;1 ;1 ;1 ;1 ;1 ;1 ;1 ;1 ;1 ;1 ;0 ;0
"82" ;0 ;19.4110000133514 ;"0" ;0 ;0 ;0 ;0.25 ;0 ;0 ;0.25 ;0 ;0 ;0.25 ;0 ;0 ;0 ;0 ;0 ;0 ;0.25 ;0 ;0 ;0.25 ;0 ;0 ;0 ;0 ;0 ;0 ;0.25 ;0 ;0 ;0 ;0 ;0 ;0 ;1 ;0 ;0 ;1 ;0 ;0 ;1 ;0 ;0 ;0 ;0 ;0 ;0 ;1 ;0 ;0 ;1 ;0 ;0 ;0 ;0 ;0 ;0 ;1 ;0 ;0 ;0 ;0 ;0
"83" ;0 ;16.2179999351501 ;"0" ;0 ;0 ;0 ;0 ;0.333333333333333 ;0 ;0 ;0 ;0 ;0.333333333333333 ;0 ;0 ;0 ;0 ;0.333333333333333 ;0 ;0 ;0 ;0 ;0.333333333333333 ;0 ;0 ;0 ;0 ;0 ;0 ;0 ;0 ;0 ;0 ;0 ;0 ;0 ;0 ;1 ;0 ;0 ;0 ;0 ;1 ;0 ;0 ;0 ;0 ;1 ;0 ;0 ;0 ;0 ;1 ;0 ;0 ;0 ;0 ;0 ;0 ;0 ;0 ;0 ;0 ;0 ;0
"84" ;0 ;186.056999921799 ;"1" ;0.027027027027027 ;0.0810810810810811 ;0.0540540540540541 ;0.0810810810810811 ;0 ;0.0540540540540541 ;0.0810810810810811 ;0.027027027027027 ;0.027027027027027 ;0.0810810810810811 ;0.0540540540540541 ;0.0810810810810811 ;0.0540540540540541 ;0.108108108108108 ;0.0540540540540541 ;0.0810810810810811 ;0.0540540540540541 ;0.0540540540540541 ;0 ;0.0810810810810811 ;0.027027027027027 ;0.0540540540540541 ;0.0810810810810811 ;0.0540540540540541 ;0.0540540540540541 ;0.0810810810810811 ;0.0540540540540541 ;0.0810810810810811 ;0.0540540540540541 ;0.108108108108108 ;1 ;1 ;1 ;1 ;0 ;1 ;1 ;1 ;1 ;1 ;1 ;1 ;1 ;1 ;1 ;1 ;1 ;1 ;0 ;1 ;1 ;1 ;1 ;1 ;1 ;1 ;1 ;1 ;1 ;1 ;0 ;0
"85" ;0 ;155.586999893188 ;"1" ;0 ;0.032258064516129 ;0.0645161290322581 ;0.032258064516129 ;0.0645161290322581 ;0.0967741935483871 ;0.032258064516129 ;0.0645161290322581 ;0.0645161290322581 ;0.032258064516129 ;0.032258064516129 ;0.0967741935483871 ;0.0967741935483871 ;0.0645161290322581 ;0.0967741935483871 ;0.0967741935483871 ;0.0967741935483871 ;0.0645161290322581 ;0.0967741935483871 ;0.0967741935483871 ;0 ;0.0645161290322581 ;0.0967741935483871 ;0.0645161290322581 ;0.0967741935483871 ;0.0967741935483871 ;0.0967741935483871 ;0.0645161290322581 ;0.0967741935483871 ;0.0967741935483871 ;0 ;1 ;1 ;1 ;1 ;1 ;1 ;1 ;1 ;1 ;1 ;1 ;1 ;1 ;1 ;1 ;1 ;1 ;1 ;1 ;0 ;1 ;1 ;1 ;1 ;1 ;1 ;1 ;1 ;1 ;0 ;0
"86" ;1 ;58.7750000953674 ;"-10" ;0 ;0 ;0 ;0 ;0 ;0 ;0 ;0 ;0 ;0 ;0 ;0 ;0 ;0 ;0.0833333333333333 ;0 ;0.0833333333333333 ;0 ;0 ;0.0833333333333333 ;0.0833333333333333 ;0.0833333333333333 ;0.0833333333333333 ;0.0833333333333333 ;0.0833333333333333 ;0 ;0.166666666666667 ;0 ;0.0833333333333333 ;0 ;0 ;0 ;0 ;0 ;0 ;0 ;0 ;0 ;0 ;0 ;0 ;0 ;0 ;0 ;1 ;0 ;1 ;0 ;0 ;1 ;1 ;1 ;1 ;1 ;1 ;0 ;1 ;0 ;1 ;0 ;0 ;0
"87" ;1 ;147.348000049591 ;"-10" ;0 ;0 ;0 ;0 ;0 ;0 ;0 ;0 ;0 ;0 ;0 ;0.0666666666666667 ;0 ;0 ;0 ;0 ;0 ;0 ;0 ;0.0666666666666667 ;0 ;0 ;0 ;0 ;0 ;0 ;0 ;0 ;0 ;0 ;0 ;0 ;0 ;0 ;0 ;0 ;0 ;0 ;0 ;0 ;0 ;1 ;0 ;0 ;0 ;0 ;0 ;0 ;0 ;1 ;0 ;0 ;0 ;0 ;0 ;0 ;0 ;0 ;0 ;0 ;0 ;0
"88" ;0 ;94.3799998760223 ;"1" ;0 ;0 ;0 ;0.105263157894737 ;0.105263157894737 ;0.0526315789473684 ;0.105263157894737 ;0 ;0 ;0.105263157894737 ;0.0526315789473684 ;0.105263157894737 ;0.105263157894737 ;0.0526315789473684 ;0 ;0.0526315789473684 ;0.0526315789473684 ;0.105263157894737 ;0.105263157894737 ;0.0526315789473684 ;0 ;0 ;0.105263157894737 ;0 ;0 ;0.0526315789473684 ;0.0526315789473684 ;0.105263157894737 ;0 ;0.105263157894737 ;0 ;0 ;0 ;1 ;1 ;1 ;1 ;0 ;0 ;1 ;1 ;1 ;1 ;1 ;0 ;1 ;1 ;1 ;1 ;1 ;0 ;0 ;1 ;0 ;0 ;1 ;1 ;1 ;0 ;1 ;0 ;0
"89" ;1 ;38.2439999580383 ;"-10" ;0 ;0 ;0 ;0 ;0.142857142857143 ;0 ;0.142857142857143 ;0 ;0 ;0 ;0 ;0.142857142857143 ;0 ;0.142857142857143 ;0.142857142857143 ;0 ;0.142857142857143 ;0 ;0.142857142857143 ;0 ;0 ;0.142857142857143 ;0 ;0.142857142857143 ;0.142857142857143 ;0 ;0.142857142857143 ;0 ;0.142857142857143 ;0 ;0 ;0 ;0 ;0 ;1 ;0 ;1 ;0 ;0 ;0 ;0 ;1 ;0 ;1 ;1 ;0 ;1 ;0 ;1 ;0 ;0 ;1 ;0 ;1 ;1 ;0 ;1 ;0 ;1 ;0 ;0 ;0
"90" ;0 ;123.964999914169 ;"1" ;0 ;0.04 ;0.12 ;0.04 ;0.12 ;0.04 ;0 ;0.08 ;0.08 ;0.08 ;0.04 ;0.08 ;0.04 ;0.08 ;0.08 ;0.08 ;0.04 ;0.08 ;0.08 ;0.12 ;0.04 ;0.08 ;0 ;0.04 ;0.04 ;0.04 ;0.08 ;0.04 ;0.08 ;0.08 ;0 ;1 ;1 ;1 ;1 ;1 ;0 ;1 ;1 ;1 ;1 ;1 ;1 ;1 ;1 ;1 ;1 ;1 ;1 ;1 ;1 ;1 ;0 ;1 ;1 ;1 ;1 ;1 ;1 ;1 ;0 ;0
"91" ;0 ;65.864000082016 ;"1" ;0 ;0.0769230769230769 ;0.0769230769230769 ;0.0769230769230769 ;0.153846153846154 ;0.0769230769230769 ;0.0769230769230769 ;0.0769230769230769 ;0 ;0.0769230769230769 ;0.0769230769230769 ;0.0769230769230769 ;0.0769230769230769 ;0 ;0 ;0.0769230769230769 ;0.0769230769230769 ;0.0769230769230769 ;0 ;0.153846153846154 ;0.0769230769230769 ;0 ;0.0769230769230769 ;0 ;0 ;0.0769230769230769 ;0.0769230769230769 ;0.0769230769230769 ;0 ;0.153846153846154 ;0 ;1 ;1 ;1 ;1 ;1 ;1 ;1 ;0 ;1 ;1 ;1 ;1 ;0 ;0 ;1 ;1 ;1 ;0 ;1 ;1 ;0 ;1 ;0 ;0 ;1 ;1 ;1 ;0 ;1 ;0 ;0
"92" ;0 ;73.0310001373291 ;"1" ;0 ;0 ;0 ;0.142857142857143 ;0.0714285714285714 ;0.0714285714285714 ;0.0714285714285714 ;0.0714285714285714 ;0 ;0.142857142857143 ;0 ;0.0714285714285714 ;0.0714285714285714 ;0.142857142857143 ;0.0714285714285714 ;0.0714285714285714 ;0.142857142857143 ;0.0714285714285714 ;0.0714285714285714 ;0.142857142857143 ;0 ;0.0714285714285714 ;0.0714285714285714 ;0.142857142857143 ;0.0714285714285714 ;0.0714285714285714 ;0.142857142857143 ;0.0714285714285714 ;0.0714285714285714 ;0.142857142857143 ;0 ;0 ;0 ;1 ;1 ;1 ;1 ;1 ;0 ;1 ;0 ;1 ;1 ;1 ;1 ;1 ;1 ;1 ;1 ;1 ;0 ;1 ;1 ;1 ;1 ;1 ;1 ;1 ;1 ;1 ;0 ;0
"93" ;0 ;74.3380000591278 ;"1" ;0.0666666666666667 ;0.0666666666666667 ;0.0666666666666667 ;0.0666666666666667 ;0.133333333333333 ;0.0666666666666667 ;0.0666666666666667 ;0.133333333333333 ;0.0666666666666667 ;0.0666666666666667 ;0.0666666666666667 ;0.0666666666666667 ;0.133333333333333 ;0.0666666666666667 ;0.0666666666666667 ;0.0666666666666667 ;0.0666666666666667 ;0.133333333333333 ;0.0666666666666667 ;0.133333333333333 ;0.0666666666666667 ;0.0666666666666667 ;0.133333333333333 ;0.0666666666666667 ;0.0666666666666667 ;0.0666666666666667 ;0.0666666666666667 ;0.133333333333333 ;0.0666666666666667 ;0.133333333333333 ;1 ;1 ;1 ;1 ;1 ;1 ;1 ;1 ;1 ;1 ;1 ;1 ;1 ;1 ;1 ;1 ;1 ;1 ;1 ;1 ;1 ;1 ;1 ;1 ;1 ;1 ;1 ;1 ;1 ;1 ;0 ;0
"94" ;0 ;14.9460000991821 ;"0" ;0 ;0 ;0 ;0 ;0.333333333333333 ;0 ;0 ;0 ;0 ;0.333333333333333 ;0 ;0 ;0 ;0 ;0.333333333333333 ;0 ;0 ;0 ;0 ;0.333333333333333 ;0 ;0 ;0 ;0 ;0.333333333333333 ;0 ;0 ;0 ;0 ;0.333333333333333 ;0 ;0 ;0 ;0 ;1 ;0 ;0 ;0 ;0 ;1 ;0 ;0 ;0 ;0 ;1 ;0 ;0 ;0 ;0 ;1 ;0 ;0 ;0 ;0 ;1 ;0 ;0 ;0 ;0 ;1 ;0 ;0
"95" ;0 ;76.2669999599457 ;"1" ;0.0666666666666667 ;0.0666666666666667 ;0.133333333333333 ;0.0666666666666667 ;0.133333333333333 ;0.0666666666666667 ;0.0666666666666667 ;0.133333333333333 ;0.0666666666666667 ;0.133333333333333 ;0.0666666666666667 ;0 ;0.133333333333333 ;0 ;0.133333333333333 ;0.0666666666666667 ;0.0666666666666667 ;0.133333333333333 ;0.0666666666666667 ;0.133333333333333 ;0 ;0 ;0.133333333333333 ;0 ;0.133333333333333 ;0.0666666666666667 ;0.0666666666666667 ;0.0666666666666667 ;0.0666666666666667 ;0.133333333333333 ;1 ;1 ;1 ;1 ;1 ;1 ;1 ;1 ;1 ;1 ;1 ;0 ;1 ;0 ;1 ;1 ;1 ;1 ;1 ;1 ;0 ;0 ;1 ;0 ;1 ;1 ;1 ;1 ;1 ;1 ;0 ;0
"96" ;0 ;10.1389999389648 ;"0" ;0 ;0 ;0 ;0 ;0 ;0 ;0 ;0 ;0.5 ;0 ;0 ;0 ;0 ;0 ;0 ;0 ;0 ;0 ;0.5 ;0 ;0 ;0 ;0 ;0 ;0 ;0 ;0 ;0 ;0 ;0 ;0 ;0 ;0 ;0 ;0 ;0 ;0 ;0 ;1 ;0 ;0 ;0 ;0 ;0 ;0 ;0 ;0 ;0 ;1 ;0 ;0 ;0 ;0 ;0 ;0 ;0 ;0 ;0 ;0 ;0 ;0 ;0
"97" ;0 ;374.463000059128 ;"1" ;0 ;0 ;0.04 ;0.0533333333333333 ;0.106666666666667 ;0.0666666666666667 ;0.0666666666666667 ;0.04 ;0.0133333333333333 ;0.0666666666666667 ;0 ;0 ;0.0666666666666667 ;0.0133333333333333 ;0.08 ;0.0666666666666667 ;0.0533333333333333 ;0.0133333333333333 ;0.0133333333333333 ;0.0666666666666667 ;0.0266666666666667 ;0.0266666666666667 ;0.0666666666666667 ;0.04 ;0.0266666666666667 ;0.04 ;0.0133333333333333 ;0.08 ;0 ;0.0533333333333333 ;0 ;0 ;1 ;1 ;1 ;1 ;1 ;1 ;1 ;1 ;0 ;0 ;1 ;1 ;1 ;1 ;1 ;1 ;1 ;1 ;1 ;1 ;1 ;1 ;1 ;1 ;1 ;1 ;0 ;1 ;0 ;0
"98" ;0 ;55.4100000858307 ;"1" ;0.0833333333333333 ;0.0833333333333333 ;0.0833333333333333 ;0.0833333333333333 ;0.0833333333333333 ;0.0833333333333333 ;0.0833333333333333 ;0.0833333333333333 ;0.166666666666667 ;0.0833333333333333 ;0.0833333333333333 ;0.0833333333333333 ;0.0833333333333333 ;0 ;0.0833333333333333 ;0.0833333333333333 ;0.0833333333333333 ;0.0833333333333333 ;0.166666666666667 ;0.0833333333333333 ;0.0833333333333333 ;0 ;0.0833333333333333 ;0 ;0.0833333333333333 ;0 ;0.0833333333333333 ;0.0833333333333333 ;0.166666666666667 ;0.0833333333333333 ;1 ;1 ;1 ;1 ;1 ;1 ;1 ;1 ;1 ;1 ;1 ;1 ;1 ;0 ;1 ;1 ;1 ;1 ;1 ;1 ;1 ;0 ;1 ;0 ;1 ;0 ;1 ;1 ;1 ;1 ;0 ;0
"99" ;1 ;193.523999929428 ;"-10" ;0 ;0 ;0 ;0 ;0 ;0 ;0 ;0 ;0 ;0 ;0.0769230769230769 ;0.0256410256410256 ;0 ;0 ;0 ;0 ;0.0512820512820513 ;0.0256410256410256 ;0.0512820512820513 ;0.0769230769230769 ;0.0769230769230769 ;0.0256410256410256 ;0 ;0 ;0 ;0 ;0 ;0 ;0.0256410256410256 ;0.0769230769230769 ;0 ;0 ;0 ;0 ;0 ;0 ;0 ;0 ;0 ;0 ;1 ;1 ;0 ;0 ;0 ;0 ;1 ;1 ;1 ;1 ;1 ;1 ;0 ;0 ;0 ;0 ;0 ;0 ;1 ;1 ;0 ;0
"100" ;0 ;81.1180000305176 ;"1" ;0.0625 ;0.125 ;0.0625 ;0.125 ;0.0625 ;0.0625 ;0.0625 ;0.0625 ;0 ;0.125 ;0.0625 ;0.0625 ;0.0625 ;0.0625 ;0.0625 ;0.0625 ;0.0625 ;0.125 ;0.0625 ;0.125 ;0.0625 ;0.0625 ;0.0625 ;0.0625 ;0.0625 ;0.0625 ;0.0625 ;0.125 ;0.0625 ;0.0625 ;1 ;1 ;1 ;1 ;1 ;1 ;1 ;1 ;0 ;1 ;1 ;1 ;1 ;1 ;1 ;1 ;1 ;1 ;1 ;1 ;1 ;1 ;1 ;1 ;1 ;1 ;1 ;1 ;1 ;1 ;0 ;0
"101" ;0 ;111.299999952316 ;"1" ;0.0454545454545455 ;0.0454545454545455 ;0.0454545454545455 ;0.0454545454545455 ;0.0909090909090909 ;0.0909090909090909 ;0.0454545454545455 ;0.0454545454545455 ;0.0454545454545455 ;0.0454545454545455 ;0.0909090909090909 ;0.0454545454545455 ;0.0909090909090909 ;0.0454545454545455 ;0.0909090909090909 ;0.0909090909090909 ;0.0454545454545455 ;0.0454545454545455 ;0.0909090909090909 ;0.0909090909090909 ;0.0909090909090909 ;0.0909090909090909 ;0.0909090909090909 ;0.0909090909090909 ;0.0909090909090909 ;0.0909090909090909 ;0.0454545454545455 ;0.0909090909090909 ;0.136363636363636 ;0.0909090909090909 ;1 ;1 ;1 ;1 ;1 ;1 ;1 ;1 ;1 ;1 ;1 ;1 ;1 ;1 ;1 ;1 ;1 ;1 ;1 ;1 ;1 ;1 ;1 ;1 ;1 ;1 ;1 ;1 ;1 ;1 ;0 ;0
"102" ;0 ;91.1829998493195 ;"1" ;0 ;0.111111111111111 ;0.111111111111111 ;0.0555555555555556 ;0.111111111111111 ;0.0555555555555556 ;0.111111111111111 ;0 ;0.111111111111111 ;0.111111111111111 ;0.0555555555555556 ;0.111111111111111 ;0.111111111111111 ;0.0555555555555556 ;0.111111111111111 ;0.111111111111111 ;0.111111111111111 ;0.0555555555555556 ;0.0555555555555556 ;0.111111111111111 ;0.0555555555555556 ;0.0555555555555556 ;0.111111111111111 ;0.0555555555555556 ;0.0555555555555556 ;0.111111111111111 ;0.111111111111111 ;0.0555555555555556 ;0 ;0.111111111111111 ;0 ;1 ;1 ;1 ;1 ;1 ;1 ;0 ;1 ;1 ;1 ;1 ;1 ;1 ;1 ;1 ;1 ;1 ;1 ;1 ;1 ;1 ;1 ;1 ;1 ;1 ;1 ;1 ;0 ;1 ;1 ;0
"103" ;0 ;53.4190001487732 ;"1" ;0 ;0.1 ;0.1 ;0.1 ;0 ;0.1 ;0 ;0.1 ;0.1 ;0 ;0 ;0.1 ;0.1 ;0.1 ;0.1 ;0.1 ;0.1 ;0.1 ;0.1 ;0.1 ;0 ;0.1 ;0.1 ;0.1 ;0.1 ;0.1 ;0.1 ;0 ;0.1 ;0.1 ;0 ;1 ;1 ;1 ;0 ;1 ;0 ;1 ;1 ;0 ;0 ;1 ;1 ;1 ;1 ;1 ;1 ;1 ;1 ;1 ;0 ;1 ;1 ;1 ;1 ;1 ;1 ;0 ;1 ;1 ;0 ;0
"104" ;0 ;62.4470000267029 ;"1" ;0 ;0 ;0 ;0 ;0 ;0.0769230769230769 ;0.0769230769230769 ;0.0769230769230769 ;0.153846153846154 ;0.0769230769230769 ;0.0769230769230769 ;0 ;0 ;0 ;0.0769230769230769 ;0.0769230769230769 ;0.0769230769230769 ;0.0769230769230769 ;0.0769230769230769 ;0.0769230769230769 ;0 ;0 ;0 ;0 ;0.0769230769230769 ;0 ;0.0769230769230769 ;0.0769230769230769 ;0.153846153846154 ;0.0769230769230769 ;0 ;0 ;0 ;0 ;0 ;1 ;1 ;1 ;1 ;1 ;1 ;0 ;0 ;0 ;1 ;1 ;1 ;1 ;1 ;1 ;0 ;0 ;0 ;0 ;1 ;0 ;1 ;1 ;1 ;1 ;0 ;0
"105" ;0 ;0 ;"1" ;0 ;0 ;0 ;0 ;0 ;0 ;0 ;0 ;0 ;0 ;0 ;0 ;0 ;0 ;0 ;0 ;0 ;0 ;0 ;0 ;0 ;0 ;0 ;0 ;0 ;0 ;0 ;0 ;0 ;0 ;0 ;0 ;0 ;0 ;0 ;0 ;0 ;0 ;0 ;0 ;0 ;0 ;0 ;0 ;0 ;0 ;0 ;0 ;0 ;0 ;0 ;0 ;0 ;0 ;0 ;0 ;0 ;0 ;0 ;0 ;0 ;0
"106" ;1 ;94.1610000133514 ;"-10" ;0 ;0 ;0 ;0 ;0 ;0 ;0 ;0 ;0 ;0 ;0.1 ;0.1 ;0.05 ;0.05 ;0.05 ;0.05 ;0 ;0 ;0 ;0.1 ;0 ;0 ;0 ;0 ;0.05 ;0 ;0 ;0 ;0 ;0.05 ;0 ;0 ;0 ;0 ;0 ;0 ;0 ;0 ;0 ;0 ;1 ;1 ;1 ;1 ;1 ;1 ;0 ;0 ;0 ;1 ;0 ;0 ;0 ;0 ;1 ;0 ;0 ;0 ;0 ;1 ;0 ;0
"107" ;0 ;95.6660001277924 ;"1" ;0 ;0 ;0 ;0.105263157894737 ;0.0526315789473684 ;0.0526315789473684 ;0.105263157894737 ;0.0526315789473684 ;0.0526315789473684 ;0.0526315789473684 ;0.0526315789473684 ;0.105263157894737 ;0.105263157894737 ;0.0526315789473684 ;0.0526315789473684 ;0 ;0.0526315789473684 ;0.105263157894737 ;0.105263157894737 ;0.105263157894737 ;0 ;0.105263157894737 ;0.0526315789473684 ;0 ;0 ;0 ;0 ;0.0526315789473684 ;0.0526315789473684 ;0.0526315789473684 ;0 ;0 ;0 ;1 ;1 ;1 ;1 ;1 ;1 ;1 ;1 ;1 ;1 ;1 ;1 ;0 ;1 ;1 ;1 ;1 ;0 ;1 ;1 ;0 ;0 ;0 ;0 ;1 ;1 ;1 ;0 ;0
"108" ;0 ;149.81200003624 ;"1" ;0 ;0 ;0.0333333333333333 ;0.0666666666666667 ;0 ;0 ;0.0333333333333333 ;0.1 ;0.0666666666666667 ;0.0333333333333333 ;0.0666666666666667 ;0.1 ;0.1 ;0.1 ;0.1 ;0.0666666666666667 ;0.1 ;0.0666666666666667 ;0.1 ;0.1 ;0.0666666666666667 ;0.1 ;0.0666666666666667 ;0.1 ;0.1 ;0.0333333333333333 ;0.0666666666666667 ;0.0666666666666667 ;0.1 ;0.1 ;0 ;0 ;1 ;1 ;0 ;0 ;1 ;1 ;1 ;1 ;1 ;1 ;1 ;1 ;1 ;1 ;1 ;1 ;1 ;1 ;1 ;1 ;1 ;1 ;1 ;1 ;1 ;1 ;1 ;1 ;0 ;0
"109" ;0 ;101.681999921799 ;"1" ;0 ;0.05 ;0.1 ;0.05 ;0.1 ;0.1 ;0.1 ;0.1 ;0.1 ;0.05 ;0.05 ;0.05 ;0 ;0.1 ;0.05 ;0.1 ;0.1 ;0.1 ;0.1 ;0.1 ;0.05 ;0.05 ;0 ;0.1 ;0.05 ;0.1 ;0.1 ;0.1 ;0.05 ;0.1 ;0 ;1 ;1 ;1 ;1 ;1 ;1 ;1 ;1 ;1 ;1 ;1 ;0 ;1 ;1 ;1 ;1 ;1 ;1 ;1 ;1 ;1 ;0 ;1 ;1 ;1 ;1 ;1 ;1 ;1 ;0 ;0
"110" ;0 ;56.7039999961853 ;"1" ;0.0833333333333333 ;0.0833333333333333 ;0.0833333333333333 ;0.0833333333333333 ;0 ;0.0833333333333333 ;0.0833333333333333 ;0 ;0.166666666666667 ;0.0833333333333333 ;0.0833333333333333 ;0.0833333333333333 ;0 ;0.0833333333333333 ;0.0833333333333333 ;0.0833333333333333 ;0.0833333333333333 ;0.0833333333333333 ;0.166666666666667 ;0.0833333333333333 ;0.0833333333333333 ;0.0833333333333333 ;0 ;0 ;0.0833333333333333 ;0.0833333333333333 ;0.0833333333333333 ;0.0833333333333333 ;0.166666666666667 ;0.0833333333333333 ;1 ;1 ;1 ;1 ;0 ;1 ;1 ;0 ;1 ;1 ;1 ;1 ;0 ;1 ;1 ;1 ;1 ;1 ;1 ;1 ;1 ;1 ;0 ;0 ;1 ;1 ;1 ;1 ;1 ;1 ;0 ;0
"111" ;0 ;103.613000154495 ;"1" ;0.0952380952380952 ;0.0476190476190476 ;0 ;0.0952380952380952 ;0.0952380952380952 ;0 ;0 ;0.0952380952380952 ;0 ;0.0952380952380952 ;0.0952380952380952 ;0.0952380952380952 ;0.0952380952380952 ;0.0952380952380952 ;0.0952380952380952 ;0.0952380952380952 ;0.0952380952380952 ;0.0952380952380952 ;0.0952380952380952 ;0.0952380952380952 ;0.0476190476190476 ;0.0952380952380952 ;0.0952380952380952 ;0.0952380952380952 ;0.0952380952380952 ;0.0952380952380952 ;0.0952380952380952 ;0.0476190476190476 ;0.0952380952380952 ;0.0952380952380952 ;1 ;1 ;0 ;1 ;1 ;0 ;0 ;1 ;0 ;1 ;1 ;1 ;1 ;1 ;1 ;1 ;1 ;1 ;1 ;1 ;1 ;1 ;1 ;1 ;1 ;1 ;1 ;1 ;1 ;1 ;0 ;0
"112" ;0 ;222.384999990463 ;"1" ;0 ;0 ;0 ;0 ;0 ;0.0227272727272727 ;0.113636363636364 ;0.0909090909090909 ;0.0909090909090909 ;0.0909090909090909 ;0.0909090909090909 ;0.0227272727272727 ;0.0681818181818182 ;0.0454545454545455 ;0.0454545454545455 ;0.0681818181818182 ;0.113636363636364 ;0.0909090909090909 ;0.0681818181818182 ;0.113636363636364 ;0.0681818181818182 ;0 ;0.0454545454545455 ;0.0227272727272727 ;0 ;0.0454545454545455 ;0.0909090909090909 ;0.0909090909090909 ;0.0681818181818182 ;0.0909090909090909 ;0 ;0 ;0 ;0 ;0 ;1 ;1 ;1 ;1 ;1 ;1 ;1 ;1 ;1 ;1 ;1 ;1 ;1 ;1 ;1 ;1 ;0 ;1 ;1 ;0 ;1 ;1 ;1 ;1 ;1 ;0 ;0
"113" ;0 ;58.4130001068115 ;"1" ;0 ;0 ;0 ;0 ;0.0833333333333333 ;0.0833333333333333 ;0.0833333333333333 ;0.0833333333333333 ;0.166666666666667 ;0.0833333333333333 ;0.0833333333333333 ;0.0833333333333333 ;0.0833333333333333 ;0.0833333333333333 ;0.0833333333333333 ;0 ;0 ;0.0833333333333333 ;0.166666666666667 ;0.0833333333333333 ;0.0833333333333333 ;0.0833333333333333 ;0.0833333333333333 ;0 ;0.0833333333333333 ;0 ;0 ;0.0833333333333333 ;0.166666666666667 ;0.0833333333333333 ;0 ;0 ;0 ;0 ;1 ;1 ;1 ;1 ;1 ;1 ;1 ;1 ;1 ;1 ;1 ;0 ;0 ;1 ;1 ;1 ;1 ;1 ;1 ;0 ;1 ;0 ;0 ;1 ;1 ;1 ;1 ;0
"114" ;0 ;137.81500005722 ;"1" ;0 ;0 ;0 ;0.0740740740740741 ;0.037037037037037 ;0.0740740740740741 ;0.111111111111111 ;0.0740740740740741 ;0.0740740740740741 ;0.0740740740740741 ;0 ;0 ;0 ;0.111111111111111 ;0.111111111111111 ;0.0740740740740741 ;0.111111111111111 ;0.0740740740740741 ;0.111111111111111 ;0.111111111111111 ;0 ;0 ;0 ;0.037037037037037 ;0.0740740740740741 ;0.0740740740740741 ;0.111111111111111 ;0.037037037037037 ;0.0740740740740741 ;0.037037037037037 ;0 ;0 ;0 ;1 ;1 ;1 ;1 ;1 ;1 ;1 ;0 ;0 ;0 ;1 ;1 ;1 ;1 ;1 ;1 ;1 ;0 ;0 ;0 ;1 ;1 ;1 ;1 ;1 ;1 ;1 ;0 ;0
"115" ;0 ;113.99799990654 ;"1" ;0 ;0 ;0 ;0 ;0 ;0 ;0 ;0.0625 ;0.125 ;0 ;0.0625 ;0.125 ;0 ;0 ;0.0625 ;0 ;0.125 ;0.0625 ;0.0625 ;0.0625 ;0.0625 ;0.0625 ;0 ;0 ;0.125 ;0.0625 ;0.125 ;0 ;0 ;0.0625 ;0 ;0 ;0 ;0 ;0 ;0 ;0 ;1 ;1 ;0 ;1 ;1 ;0 ;0 ;1 ;0 ;1 ;1 ;1 ;1 ;1 ;1 ;0 ;0 ;1 ;1 ;1 ;0 ;0 ;1 ;0 ;0
